Run	ReleaseDate	LoadDate	spots	bases	spots_with_mates	avgLength	size_MB	AssemblyName	download_path	Experiment	LibraryName	LibraryStrategy	LibrarySelection	LibrarySource	LibraryLayout	InsertSize	InsertDev	Platform	Model	SRAStudy	BioProject	Study_Pubmed_id	ProjectID	Sample	BioSample	SampleType	TaxID	ScientificName	SampleName	g1k_pop_code	source	g1k_analysis_group	Subject_ID	Sex	Disease	Tumor	Affection_Status	Analyte_Type	Histological_Type	Body_Site	CenterName	Submission	dbgap_study_accession	Consent	RunHash	ReadHash
SRR38604269	2026-07-09 21:13:15	2026-05-14 00:45:54	805083	5734477532	0	7122	1721		https://sra-pub-run-odp.s3.amazonaws.com/sra/SRR38604269/SRR38604269	SRX33410487	KJ201_HiFi	WGS	RANDOM	GENOMIC	SINGLE	0	0	PACBIO_SMRT	Revio	SRP700398	PRJNA1465931		1465931	SRS29149136	SAMN59837073	simple	318829	Pyricularia oryzae	Sample from Pyricularia oryzae KJ201							no					SUNCHON NATIONAL UNIVERSITY	SRA2394643		public	85EF7C7B61C55B23845E1861E11DC831	6AE7FC27E5C111F969D98716ADE7D401
SRR37624333	2026-06-15 11:22:51	2026-03-14 00:35:55	754962	16502540789	0	21858	13295		https://sra-downloadb.be-md.ncbi.nlm.nih.gov/sos7/sra-pub-run-38/SRR037/37624/SRR37624333/SRR37624333.1	SRX32504732	T_P3	WGS	RANDOM	GENOMIC	SINGLE	0	0	OXFORD_NANOPORE	MinION	SRP683031	PRJNA1435864		1435864	SRS28397754	SAMN56501177	simple	318829	Pyricularia oryzae	T_P3							no					KANSAS STATE UNIVERSITY	SRA2352031		public	59B78623D3103D4D2644D13758221646	0D0E2FF4EF71B22D69E9B66F4DBBD207
SRR37628169	2026-06-15 11:22:51	2026-03-14 12:10:51	324255	6515433244	0	20093	5255		https://sra-downloadb.be-md.ncbi.nlm.nih.gov/sos7/sra-pub-run-38/SRR037/37628/SRR37628169/SRR37628169.1	SRX32508570	T_NE20	WGS	RANDOM	GENOMIC	SINGLE	0	0	OXFORD_NANOPORE	MinION	SRP683031	PRJNA1435864		1435864	SRS28365026	SAMN56458204	simple	318829	Pyricularia oryzae	T_NE20							no					KANSAS STATE UNIVERSITY	SRA2352186		public	EC515F96D964A3B2CD3B8297CF2D3186	53C9DA4FBEAE2E9A88CDD931462511AC
SRR37628173	2026-06-15 11:22:51	2026-03-14 12:21:53	274487	5576161455	0	20314	4597		https://sra-downloadb.be-md.ncbi.nlm.nih.gov/sos7/sra-pub-run-38/SRR037/37628/SRR37628173/SRR37628173.1	SRX32508566	T_OKI18	WGS	RANDOM	GENOMIC	SINGLE	0	0	OXFORD_NANOPORE	MinION	SRP683031	PRJNA1435864		1435864	SRS28365014	SAMN56458200	simple	318829	Pyricularia oryzae	T_OKI18							no					KANSAS STATE UNIVERSITY	SRA2352186		public	E4F281D71A8E03BF91AEFE53AEE7F507	4AC0FE898865994315C6565AF9B6173F
SRR37663708	2026-06-15 11:22:51	2026-03-17 12:33:08	110993	2641639375	0	23800	2221		https://sra-downloadb.be-md.ncbi.nlm.nih.gov/sos7/sra-pub-run-38/SRR037/37663/SRR37663708/SRR37663708.1	SRX32542369	T_B2	WGS	RANDOM	GENOMIC	SINGLE	0	0	OXFORD_NANOPORE	MinION	SRP683031	PRJNA1435864		1435864	SRS28397755	SAMN56501178	simple	318829	Pyricularia oryzae	T_B2							no					KANSAS STATE UNIVERSITY	SRA2353486		public	A5DE1C0861F6266B25D8E105856A7FEE	327070E78C37585D2DA0328DC671FA9B
SRR37663716	2026-06-15 11:22:51	2026-03-17 14:55:47	274487	5576161455	0	20314	4597		https://sra-downloadb.be-md.ncbi.nlm.nih.gov/sos7/sra-pub-run-38/SRR037/37663/SRR37663716/SRR37663716.1	SRX32542361	T_OKI18	WGS	RANDOM	GENOMIC	SINGLE	0	0	OXFORD_NANOPORE	MinION	SRP683031	PRJNA1435864		1435864	SRS28365014	SAMN56458200	simple	318829	Pyricularia oryzae	T_OKI18							no					KANSAS STATE UNIVERSITY	SRA2353486		public	E4F281D71A8E03BF91AEFE53AEE7F507	4AC0FE898865994315C6565AF9B6173F
SRR37663714	2026-06-15 11:22:51	2026-03-17 12:31:01	232141	3818221596	0	16447	3237		https://sra-downloadb.be-md.ncbi.nlm.nih.gov/sos7/sra-pub-run-38/SRR037/37663/SRR37663714/SRR37663714.1	SRX32542363	L_Br58	WGS	RANDOM	GENOMIC	SINGLE	0	0	OXFORD_NANOPORE	MinION	SRP683031	PRJNA1435864		1435864	SRS28365024	SAMN56458202	simple	318829	Pyricularia oryzae	L_Br58							no					KANSAS STATE UNIVERSITY	SRA2353486		public	BEB33231A82AFF88DCE3CA3E360A2AE3	E26B1A275899BDC16F9D4C3E5685FE8E
SRR37663713	2026-06-15 11:22:51	2026-03-17 12:28:18	452916	5874788270	0	12971	4941		https://sra-downloadb.be-md.ncbi.nlm.nih.gov/sos7/sra-pub-run-38/SRR037/37663/SRR37663713/SRR37663713.1	SRX32542364	T_T47	WGS	RANDOM	GENOMIC	SINGLE	0	0	OXFORD_NANOPORE	MinION	SRP683031	PRJNA1435864		1435864	SRS28365025	SAMN56458203	simple	318829	Pyricularia oryzae	T_T47							no					KANSAS STATE UNIVERSITY	SRA2353486		public	0B95CB9C98BCCCD6EB2877BC2B39551D	296CF80615BEF43F6A724C36BAEBD992
SRR37663712	2026-06-15 11:22:51	2026-03-17 14:48:06	324255	6515433244	0	20093	5255		https://sra-downloadb.be-md.ncbi.nlm.nih.gov/sos7/sra-pub-run-38/SRR037/37663/SRR37663712/SRR37663712.1	SRX32542365	T_NE20	WGS	RANDOM	GENOMIC	SINGLE	0	0	OXFORD_NANOPORE	MinION	SRP683031	PRJNA1435864		1435864	SRS28365026	SAMN56458204	simple	318829	Pyricularia oryzae	T_NE20							no					KANSAS STATE UNIVERSITY	SRA2353486		public	EC515F96D964A3B2CD3B8297CF2D3186	53C9DA4FBEAE2E9A88CDD931462511AC
SRR37663711	2026-06-15 11:22:51	2026-03-17 12:32:18	244919	5393286495	0	22020	4509		https://sra-downloadb.be-md.ncbi.nlm.nih.gov/sos7/sra-pub-run-38/SRR037/37663/SRR37663711/SRR37663711.1	SRX32542366	L_ATCC64557	WGS	RANDOM	GENOMIC	SINGLE	0	0	OXFORD_NANOPORE	MinION	SRP683031	PRJNA1435864		1435864	SRS28365027	SAMN56458205	simple	318829	Pyricularia oryzae	L_ATCC64557							no					KANSAS STATE UNIVERSITY	SRA2353486		public	F642020516DECBCC9647FA1060BD7061	F06BE4D5C12A2ADC8977FB53F4F42DB0
SRR37663709	2026-06-15 11:22:51	2026-03-17 15:34:08	754962	16502540789	0	21858	13295		https://sra-downloadb.be-md.ncbi.nlm.nih.gov/sos7/sra-pub-run-38/SRR037/37663/SRR37663709/SRR37663709.1	SRX32542368	T_P3	WGS	RANDOM	GENOMIC	SINGLE	0	0	OXFORD_NANOPORE	MinION	SRP683031	PRJNA1435864		1435864	SRS28397754	SAMN56501177	simple	318829	Pyricularia oryzae	T_P3							no					KANSAS STATE UNIVERSITY	SRA2353486		public	59B78623D3103D4D2644D13758221646	0D0E2FF4EF71B22D69E9B66F4DBBD207
SRR37663710	2026-06-15 11:22:51	2026-03-17 12:19:59	629337	5830162552	0	9263	4938		https://sra-downloadb.be-md.ncbi.nlm.nih.gov/sos7/sra-pub-run-38/SRR037/37663/SRR37663710/SRR37663710.1	SRX32542367	T_T21	WGS	RANDOM	GENOMIC	SINGLE	0	0	OXFORD_NANOPORE	MinION	SRP683031	PRJNA1435864		1435864	SRS28401140	SAMN56458206	simple	318829	Pyricularia oryzae	T_T21							no					KANSAS STATE UNIVERSITY	SRA2353486		public	8C1F0727AD8E031BBAE2BB318F538152	7F7B939B33540B65CDDF41B996370A17
SRR34290622	2025-06-29 22:26:27	2025-06-29 22:22:09	170794	2887100267	0	16903	1477		https://sra-downloadb.be-md.ncbi.nlm.nih.gov/sos8/sra-pub-run-834/SRR034/34290/SRR34290622/SRR34290622.1	SRX29461781	95085-HIFI	WGS	RANDOM PCR	GENOMIC	SINGLE	0	0	PACBIO_SMRT	Sequel II	SRP527452	PRJNA1146767		1146767	SRS25606249	SAMN49709672	simple	318829	Pyricularia oryzae	FJ95085-hifi							no					FUJIAN AGRICULTURE AND FORESTRY UNIVERSITY	SRA2158574		public	79DDF2A921372F1ED506B07DFE0B16F4	0E509289019D9CA80F74B49A35D576ED
SRR34986243	2025-08-14 04:29:39	2025-08-14 04:25:57	354805	7054312844	0	19882	2487		https://sra-downloadb.be-md.ncbi.nlm.nih.gov/sos9/sra-pub-run-936/SRR034/34986/SRR34986243/SRR34986243.1	SRX30105002	LIB_HiFi_001	WGS	RANDOM	GENOMIC	SINGLE	0	0	PACBIO_SMRT	Revio	SRP608610	PRJNA1305328		1305328	SRS26156765	SAMN50590790	simple	318829	Pyricularia oryzae	RB20-1							no					HUAZHONG AGRICULTURAL UNIVERSITY	SRA2195058		public	03C676699085FB0421BF1BE3D3C2D1D0	02333C586D38C0FDE37C9E2E0AA032AB
SRR35145531	2025-08-26 22:35:34	2025-08-26 22:09:29	49182	1272385215	0	25870	1164		https://sra-downloadb.be-md.ncbi.nlm.nih.gov/sos9/sra-pub-run-936/SRR035/35145/SRR35145531/SRR35145531.1	SRX30251174	HAOGO	WGS	RANDOM	GENOMIC	SINGLE	0	0	PACBIO_SMRT	Sequel II	SRP612972	PRJNA708616		708616	SRS26303770	SAMN18243335	simple	318829	Pyricularia oryzae	Gp0518960							no					JGI	SRA2205624		public	0C6374C071EDE044A1CDDD394EFF99FA	A3D9B701EC353CD5D19566342955098B
SRR35175281	2025-08-28 16:41:25	2025-08-28 16:29:49	36406	908701600	0	24960	822		https://sra-downloadb.be-md.ncbi.nlm.nih.gov/sos7/sra-pub-run-38/SRR035/35175/SRR35175281/SRR35175281.1	SRX30280165	HAOGS	WGS	RANDOM	GENOMIC	SINGLE	0	0	PACBIO_SMRT	Sequel II	SRP614043	PRJNA708618		708618	SRS26329226	SAMN18243565	simple	318829	Pyricularia oryzae	Gp0518962							no					JGI	SRA2207839		public	065900616B0351521B5A7E99B07DFEAA	F3ECBBA1BF1C2B284798F0BC1C6E2C55
SRR35183582	2025-08-29 07:24:22	2025-08-29 07:09:59	45219	1074626283	0	23764	968		https://sra-downloadb.be-md.ncbi.nlm.nih.gov/sos9/sra-pub-run-936/SRR035/35183/SRR35183582/SRR35183582.1	SRX30288460	HAOGP	WGS	RANDOM	GENOMIC	SINGLE	0	0	PACBIO_SMRT	Sequel II	SRP614509	PRJNA708617		708617	SRS26337236	SAMN18242898	simple	318829	Pyricularia oryzae	Gp0518961							no					JGI	SRA2208468		public	2D4F53DBA64F3F754C1AA319C86A5D04	E3F81D81566BEF13754F911D4A4E34B2
SRR33419081	2025-05-04 07:37:17	2025-05-04 02:25:26	272426	5764947180	0	21161	2175		https://sra-downloadb.be-md.ncbi.nlm.nih.gov/sos8/sra-pub-run-834/SRR033/33419/SRR33419081/SRR33419081.1	SRX28660034	HCTi	WGS	RANDOM PCR	GENOMIC	SINGLE	0	0	PACBIO_SMRT	Sequel II	SRP527452	PRJNA1146767		1146767	SRS24928314	SAMN48319862	simple	318829	Pyricularia oryzae	HCTi							no					FUJIAN AGRICULTURE AND FORESTRY UNIVERSITY	SRA2123351		public	76AC56F629FA29A81CB921D804D3163D	6E555219D74E2E21EF229BD092069A71
SRR32814542	2025-04-14 13:18:43	2025-03-26 11:36:00	662748	7792382971	0	11757	4265		https://sra-downloadb.be-md.ncbi.nlm.nih.gov/sos7/sra-pub-run-38/SRR032/32814/SRR32814542/SRR32814542.1	SRX28098017	PacBio HiFi 70-15	WGS	DNase	GENOMIC	SINGLE	0	0	PACBIO_SMRT	Sequel II	SRP572294	PRJNA1210831		1210831	SRS24454653	SAMN46257954	simple	318829	Pyricularia oryzae	Magnaporthe oryzae 70-15							no					CHINESE ACADEMY OF SCIENCES	SRA2098263		public	C0D4DFDEA26E151CACE4F31A004D70DF	729BDA1D0FBC0F25F82C700EE91B6C89
SRR30725246	2025-06-01 01:08:20	2024-09-19 14:39:58	352176	8398901215	0	23848	6929		https://sra-downloadb.be-md.ncbi.nlm.nih.gov/sos8/sra-pub-run-834/SRR030/30725/SRR30725246/SRR30725246.1	SRX26128381	TF05-1MC7202lib	WGS	PCR	GENOMIC	SINGLE	0	0	OXFORD_NANOPORE	MinION	SRP533629	PRJNA750760		750760	SRS22690544	SAMN43829698	simple	318829	Pyricularia oryzae	TF05-1MC7202							no					KANSAS STATE UNIVERSITY	SRA1975594		public	E66006C577ED5FD43C3AE2400E3D7FE8	2EBF783DDB0F76EF5A04C281AB105EA6
SRR30725252	2025-06-01 01:08:19	2024-09-19 14:33:22	829911	8945310854	0	10778	7387		https://sra-downloadb.be-md.ncbi.nlm.nih.gov/sos8/sra-pub-run-834/SRR030/30725/SRR30725252/SRR30725252.1	SRX26128375	TF05-1MC5lib2	WGS	PCR	GENOMIC	SINGLE	0	0	OXFORD_NANOPORE	MinION	SRP533629	PRJNA750760		750760	SRS22690538	SAMN43829692	simple	318829	Pyricularia oryzae	TF05-1MC5-1							no					KANSAS STATE UNIVERSITY	SRA1975594		public	C454CC64F70010247A4291BC2BB9B0D8	7DCF7B40F90ED1E1E0FA449D62EB8BF9
SRR30308154	2025-05-04 07:37:17	2024-08-20 06:26:45	349665	6981513388	0	19966	2930		https://sra-downloadb.be-md.ncbi.nlm.nih.gov/sos8/sra-pub-run-834/SRR030/30308/SRR30308154/SRR30308154.1	SRX25768610	HCT2	WGS	RANDOM PCR	GENOMIC	SINGLE	0	0	PACBIO_SMRT	Sequel II	SRP527452	PRJNA1146767		1146767	SRS22404831	SAMN43111383	simple	318829	Pyricularia oryzae	HCT2							no					FUJIAN AGRICULTURE AND FORESTRY UNIVERSITY	SRA1949022		public	8F147720EAFAD5E766534470BDE37988	B7951B14C7E2A61129AB860647B7896E
SRR30308155	2025-05-04 07:37:17	2024-08-20 06:24:46	302609	5939244461	0	19626	2481		https://sra-downloadb.be-md.ncbi.nlm.nih.gov/sos8/sra-pub-run-834/SRR030/30308/SRR30308155/SRR30308155.1	SRX25768609	HCT1	WGS	RANDOM PCR	GENOMIC	SINGLE	0	0	PACBIO_SMRT	Sequel II	SRP527452	PRJNA1146767		1146767	SRS22404830	SAMN43111382	simple	318829	Pyricularia oryzae	HCT1							no					FUJIAN AGRICULTURE AND FORESTRY UNIVERSITY	SRA1949022		public	36E4FFF122B567BBE0494AFB3431203C	E37979C7C6D9CFA55C1CD3CF7B4E4CC6
SRR30308156	2025-05-04 07:37:18	2024-08-20 06:12:35	248320	5399549904	0	21744	2411		https://sra-downloadb.be-md.ncbi.nlm.nih.gov/sos8/sra-pub-run-834/SRR030/30308/SRR30308156/SRR30308156.1	SRX25768608	95HPH-4-hifi	WGS	RANDOM PCR	GENOMIC	SINGLE	0	0	PACBIO_SMRT	Sequel II	SRP527452	PRJNA1146767		1146767	SRS22404829	SAMN43143354	simple	318829	Pyricularia oryzae	95HPH-4-hifi							no					FUJIAN AGRICULTURE AND FORESTRY UNIVERSITY	SRA1949022		public	AA80F482D5B188042E2EFDB67C0A3ED2	71C8EC1BC0BBC8C7AF4AB1C4D203655B
SRR30308157	2025-05-04 07:37:18	2024-08-20 07:46:32	167977	17186209639	0	102312	14468		https://sra-downloadb.be-md.ncbi.nlm.nih.gov/sos8/sra-pub-run-834/SRR030/30308/SRR30308157/SRR30308157.1	SRX25768607	95HPH-4	WGS	RANDOM PCR	GENOMIC	SINGLE	0	0	OXFORD_NANOPORE	PromethION	SRP527452	PRJNA1146767		1146767	SRS22404828	SAMN43111381	simple	318829	Pyricularia oryzae	95HPH-4							no					FUJIAN AGRICULTURE AND FORESTRY UNIVERSITY	SRA1949022		public	6D170D4DA88296F85CB9E640045D205F	7CF6D5B4AE34EA8C2E8F715F2082197D
SRR30308158	2025-05-04 07:37:18	2024-08-20 06:28:31	222305	5033063780	0	22640	2223		https://sra-downloadb.be-md.ncbi.nlm.nih.gov/sos8/sra-pub-run-834/SRR030/30308/SRR30308158/SRR30308158.1	SRX25768606	95HPH-3	WGS	RANDOM PCR	GENOMIC	SINGLE	0	0	PACBIO_SMRT	Sequel II	SRP527452	PRJNA1146767		1146767	SRS22404826	SAMN43111380	simple	318829	Pyricularia oryzae	95HPH-3							no					FUJIAN AGRICULTURE AND FORESTRY UNIVERSITY	SRA1949022		public	7A87918410A691E19E26E657405410CB	EB5E2E409F09F01F011D3C815605B4F5
SRR30308159	2025-05-04 07:37:18	2024-08-20 06:12:40	207228	4954338633	0	23907	2221		https://sra-downloadb.be-md.ncbi.nlm.nih.gov/sos8/sra-pub-run-834/SRR030/30308/SRR30308159/SRR30308159.1	SRX25768605	95HPH-2	WGS	RANDOM PCR	GENOMIC	SINGLE	0	0	PACBIO_SMRT	Sequel II	SRP527452	PRJNA1146767		1146767	SRS22404827	SAMN43111379	simple	318829	Pyricularia oryzae	95HPH-2							no					FUJIAN AGRICULTURE AND FORESTRY UNIVERSITY	SRA1949022		public	D8F70F5BF4572A61F6BE7675986C700B	C4F654A0AFDCFCBAF0098DA0EBB0C87A
SRR30308160	2025-05-04 07:37:18	2024-08-20 06:23:29	192569	4582964805	0	23799	2054		https://sra-downloadb.be-md.ncbi.nlm.nih.gov/sos8/sra-pub-run-834/SRR030/30308/SRR30308160/SRR30308160.1	SRX25768604	95HPH-1	WGS	RANDOM PCR	GENOMIC	SINGLE	0	0	PACBIO_SMRT	Sequel II	SRP527452	PRJNA1146767		1146767	SRS22404825	SAMN43111378	simple	318829	Pyricularia oryzae	95HPH-1							no					FUJIAN AGRICULTURE AND FORESTRY UNIVERSITY	SRA1949022		public	0F707CE5A039AA2AE78615E0000D9971	0497019102912B4F5B860189625C9F74
SRR30308161	2025-05-04 07:37:18	2024-08-20 06:27:33	349222	7078296122	0	20268	3014		https://sra-downloadb.be-md.ncbi.nlm.nih.gov/sos8/sra-pub-run-834/SRR030/30308/SRR30308161/SRR30308161.1	SRX25768603	Guy11	WGS	RANDOM PCR	GENOMIC	SINGLE	0	0	PACBIO_SMRT	Sequel II	SRP527452	PRJNA1146767		1146767	SRS22404824	SAMN43111377	simple	318829	Pyricularia oryzae	Guy11							no					FUJIAN AGRICULTURE AND FORESTRY UNIVERSITY	SRA1949022		public	567138427DF59096D4128BDBBEA1E869	69491B4B86F2B1F452FF3BD167700D9F
SRR30308162	2025-05-04 07:37:18	2024-08-20 06:23:16	211907	4946072682	0	23340	2030		https://sra-downloadb.be-md.ncbi.nlm.nih.gov/sos8/sra-pub-run-834/SRR030/30308/SRR30308162/SRR30308162.1	SRX25768602	avrpik-1	WGS	RANDOM PCR	GENOMIC	SINGLE	0	0	PACBIO_SMRT	Sequel II	SRP527452	PRJNA1146767		1146767	SRS22404823	SAMN43143353	simple	318829	Pyricularia oryzae	avrpik-1							no					FUJIAN AGRICULTURE AND FORESTRY UNIVERSITY	SRA1949022		public	C94CA87B663DCB091BD5D529120DD22F	3EA595A95E3607497A74414A424287A8
SRR30308163	2025-05-04 07:37:18	2024-08-20 06:25:52	287206	6408715888	0	22314	2633		https://sra-downloadb.be-md.ncbi.nlm.nih.gov/sos8/sra-pub-run-834/SRR030/30308/SRR30308163/SRR30308163.1	SRX25768601	HCT1701	WGS	RANDOM PCR	GENOMIC	SINGLE	0	0	PACBIO_SMRT	Sequel II	SRP527452	PRJNA1146767		1146767	SRS22404822	SAMN43111390	simple	318829	Pyricularia oryzae	HCT1701							no					FUJIAN AGRICULTURE AND FORESTRY UNIVERSITY	SRA1949022		public	5C69600B5986C68AFCB996CF9C12ABAC	7A4B242D710A76EF23EFACEB68D9FF08
SRR30308164	2025-05-04 07:37:18	2024-08-20 06:27:24	358316	7801455840	0	21772	3187		https://sra-downloadb.be-md.ncbi.nlm.nih.gov/sos8/sra-pub-run-834/SRR030/30308/SRR30308164/SRR30308164.1	SRX25768600	HCT1511	WGS	RANDOM PCR	GENOMIC	SINGLE	0	0	PACBIO_SMRT	Sequel II	SRP527452	PRJNA1146767		1146767	SRS22404821	SAMN43111389	simple	318829	Pyricularia oryzae	HCT1511							no					FUJIAN AGRICULTURE AND FORESTRY UNIVERSITY	SRA1949022		public	D6DC54921CF750FC349D9CD6950F0FC8	8B78275434327C0343185F0B58F10074
SRR30308165	2025-05-04 07:37:18	2024-08-20 06:29:19	316109	6900623246	0	21829	2823		https://sra-downloadb.be-md.ncbi.nlm.nih.gov/sos8/sra-pub-run-834/SRR030/30308/SRR30308165/SRR30308165.1	SRX25768599	HCT1504	WGS	RANDOM PCR	GENOMIC	SINGLE	0	0	PACBIO_SMRT	Sequel II	SRP527452	PRJNA1146767		1146767	SRS22404820	SAMN43111388	simple	318829	Pyricularia oryzae	HCT1504							no					FUJIAN AGRICULTURE AND FORESTRY UNIVERSITY	SRA1949022		public	D351600D724B8DF0CC5B2640BD79CFA5	168FD8FF90796901A5CF30E2EBC0DD6E
SRR30308166	2025-05-04 07:37:18	2024-08-20 06:31:58	365768	8425388957	0	23034	3401		https://sra-downloadb.be-md.ncbi.nlm.nih.gov/sos8/sra-pub-run-834/SRR030/30308/SRR30308166/SRR30308166.1	SRX25768598	HCT1307	WGS	RANDOM PCR	GENOMIC	SINGLE	0	0	PACBIO_SMRT	Sequel II	SRP527452	PRJNA1146767		1146767	SRS22404819	SAMN43111387	simple	318829	Pyricularia oryzae	HCT1307							no					FUJIAN AGRICULTURE AND FORESTRY UNIVERSITY	SRA1949022		public	33E522E0418958A157DCE7B26717FA06	052DD79CDB4A0AE9AF8B47A80A7725A7
SRR30308167	2025-05-04 07:37:18	2024-08-20 06:26:00	267527	5903965885	0	22068	2419		https://sra-downloadb.be-md.ncbi.nlm.nih.gov/sos8/sra-pub-run-834/SRR030/30308/SRR30308167/SRR30308167.1	SRX25768597	HCT1109	WGS	RANDOM PCR	GENOMIC	SINGLE	0	0	PACBIO_SMRT	Sequel II	SRP527452	PRJNA1146767		1146767	SRS22404817	SAMN43111386	simple	318829	Pyricularia oryzae	HCT1109							no					FUJIAN AGRICULTURE AND FORESTRY UNIVERSITY	SRA1949022		public	50CC49F442240BDF25AA8296AFB26174	995FF06C2238C9395EEB8E16E4DCA515
SRR30725258	2025-06-01 01:08:19	2024-09-19 14:43:11	325797	8215830005	0	25217	6756		https://sra-downloadb.be-md.ncbi.nlm.nih.gov/sos8/sra-pub-run-834/SRR030/30725/SRR30725258/SRR30725258.1	SRX26128369	TF05-1MC7lib2	WGS	PCR	GENOMIC	SINGLE	0	0	OXFORD_NANOPORE	MinION	SRP533629	PRJNA750760		750760	SRS22690533	SAMN36850036	simple	318829	Pyricularia oryzae	TF05-1MC7-1							no					KANSAS STATE UNIVERSITY	SRA1975594		public	D21DAD099C53D5237D830AA4497B50F6	BB06615A7DEB0FAEA823D829D400B1A4
SRR30725257	2025-06-01 01:08:19	2024-09-19 14:42:20	363491	9483454470	0	26089	7800		https://sra-downloadb.be-md.ncbi.nlm.nih.gov/sos8/sra-pub-run-834/SRR030/30725/SRR30725257/SRR30725257.1	SRX26128370	TF05-1MC7212lib	WGS	PCR	GENOMIC	SINGLE	0	0	OXFORD_NANOPORE	MinION	SRP533629	PRJNA750760		750760	SRS22690534	SAMN43829699	simple	318829	Pyricularia oryzae	TF05-1MC7212							no					KANSAS STATE UNIVERSITY	SRA1975594		public	EFF84598190DECC2C8695C1BD0108C00	E47031A70D86924FC7B6F4912003941C
SRR30308171	2025-05-04 07:37:18	2024-08-20 06:41:10	83442	8620201197	0	103307	7164		https://sra-downloadb.be-md.ncbi.nlm.nih.gov/sos8/sra-pub-run-834/SRR030/30308/SRR30308171/SRR30308171.1	SRX25768593	95085	WGS	RANDOM PCR	GENOMIC	SINGLE	0	0	OXFORD_NANOPORE	PromethION	SRP527452	PRJNA1146767		1146767	SRS22404814	SAMN43111376	simple	318829	Pyricularia oryzae	95085							no					FUJIAN AGRICULTURE AND FORESTRY UNIVERSITY	SRA1949022		public	0EA7E11CE763E2B14A5DB1F22AF830A6	69274A1F971722A6A1EA14C93542878F
SRR30308168	2025-05-04 07:37:18	2024-08-20 09:16:49	209905	4163547297	0	19835	1751		https://sra-downloadb.be-md.ncbi.nlm.nih.gov/sos8/sra-pub-run-834/SRR030/30308/SRR30308168/SRR30308168.1	SRX25768596	HCT8	WGS	RANDOM PCR	GENOMIC	SINGLE	0	0	PACBIO_SMRT	Sequel II	SRP527452	PRJNA1146767		1146767	SRS22404815	SAMN43111385	simple	318829	Pyricularia oryzae	HCT8							no					FUJIAN AGRICULTURE AND FORESTRY UNIVERSITY	SRA1949022		public	89CE556552B0EF249C48A7BBAD65362D	6F1BD421042209767B32530C3335451B
SRR30308169	2025-05-04 07:37:18	2024-08-20 06:13:19	270498	5435235344	0	20093	2068		https://sra-downloadb.be-md.ncbi.nlm.nih.gov/sos8/sra-pub-run-834/SRR030/30308/SRR30308169/SRR30308169.1	SRX25768595	HCT7	WGS	RANDOM PCR	GENOMIC	SINGLE	0	0	PACBIO_SMRT	Sequel II	SRP527452	PRJNA1146767		1146767	SRS22404816	SAMN43111384	simple	318829	Pyricularia oryzae	HCT7							no					FUJIAN AGRICULTURE AND FORESTRY UNIVERSITY	SRA1949022		public	FE0B017330577C045713EC0396492DA2	01D8AC72D254C95C33DB8FC989EEDE04
DRR417954	2024-06-20 16:53:08	2024-06-20 16:59:09	363081	6215101846	0	17117	5033		https://sra-downloadb.be-md.ncbi.nlm.nih.gov/sos13/sra-pub-run-1330/DRR000/417/DRR417954/DRR417954.1	DRX403521		WGS	unspecified	GENOMIC	SINGLE	0	0	OXFORD_NANOPORE	MinION	DRP011695	PRJDB14749		1126869	DRS391661	SAMD00555637	simple	318829	Pyricularia oryzae	SAMD00555637							no					IBRC	DRA015148		public	C1A377F7F59CB20C3E81DE2AE0BA516A	6E897CE56EB0D45CFF7238A53084BB5B
DRR417955	2024-06-20 16:53:08	2024-06-20 17:20:37	104801	2067118888	0	19724	1660		https://sra-downloadb.be-md.ncbi.nlm.nih.gov/sos13/sra-pub-run-1330/DRR000/417/DRR417955/DRR417955.1	DRX403522		WGS	unspecified	GENOMIC	SINGLE	0	0	OXFORD_NANOPORE	MinION	DRP011695	PRJDB14749		1126869	DRS391823	SAMD00555636	simple	318829	Pyricularia oryzae	SAMD00555636							no					IBRC	DRA015149		public	812F3EA408E9A87B21F38481F88D36CE	05E25D0493A156336ECB053CDF799A84
ERR9877784	2024-07-18 21:23:02	2024-07-26 04:02:02	589622	4763001558	0	8078	4131		https://sra-downloadb.be-md.ncbi.nlm.nih.gov/sos9/sra-pub-run-936/ERR009/9877/ERR9877784/ERR9877784.1	ERX9422991		WGS	RANDOM	GENOMIC	SINGLE	0	0	OXFORD_NANOPORE	MinION	ERP138431	PRJEB53625		858752	ERS12243821	SAMEA110145009	simple	318829	Pyricularia oryzae	d44a							no					IWATE BIOTECHNOLOGY RESEARCH CENTER	ERA15965453		public	63E217983DB9BAB9858DAC03F7B80888	04A9296F59FC4BA7F79D750DEBB89E3A
ERR9877782	2024-07-19 16:05:24	2024-08-14 15:06:07	669476	6296032435	0	9404	5417		https://sra-downloadb.be-md.ncbi.nlm.nih.gov/sos13/sra-pub-run-1330/ERR009/9877/ERR9877782/ERR9877782.1	ERX9422989		WGS	RANDOM	GENOMIC	SINGLE	0	0	OXFORD_NANOPORE	MinION	ERP138431	PRJEB53625		858752	ERS12243777	SAMEA110144965	simple	318829	Pyricularia oryzae	O23							no					IWATE BIOTECHNOLOGY RESEARCH CENTER	ERA15965187		public	142104093499FAA8BC3EFE83B42D7E97	BD874FFCA0CEB8FC57939F51C63513E5
ERR9877778	2024-07-19 18:20:40	2024-07-27 07:44:26	581333	2712250922	0	4665	1803		https://sra-downloadb.be-md.ncbi.nlm.nih.gov/sos13/sra-pub-run-1330/ERR009/9877/ERR9877778/ERR9877778.1	ERX9422985		WGS	RANDOM	GENOMIC	SINGLE	0	0	PACBIO_SMRT	PacBio RS II	ERP138431	PRJEB53625		858752	ERS12243778	SAMEA110144966	simple	318829	Pyricularia oryzae	TH3o							no					IWATE BIOTECHNOLOGY RESEARCH CENTER	ERA15963872		public	D625E9E2FC2C37352D26E0A6CD29B597	A5A8238FC902F5F31F456EB47526FDFA
SRR28084348	2024-02-24 21:58:12	2024-02-24 21:52:32	1067891	2425728536	0	2271	610		https://sra-downloadb.be-md.ncbi.nlm.nih.gov/sos9/sra-pub-run-936/SRR028/28084/SRR28084348/SRR28084348.1	SRX23730906	PB_Spore_2017	WGS	RANDOM	GENOMIC	SINGLE	0	0	PACBIO_SMRT	Sequel	SRP390056	PRJNA866295		866295	SRS20559578	SAMN40099749	simple	318829	Pyricularia oryzae	Spore_2017							no					ZHEJIANG ACADEMY OF AGRICULTURAL SCIENCES	SRA1807540		public	7833C64563CD45216CCC78BB80A7DC75	BC7A364DEFE993E33F62F8900BAC7B5F
SRR28084347	2024-02-24 22:00:27	2024-02-24 21:56:27	1229071	9939970565	0	8087	2414		https://sra-downloadb.be-md.ncbi.nlm.nih.gov/sos9/sra-pub-run-936/SRR028/28084/SRR28084347/SRR28084347.1	SRX23730907	PB_Spore_2018	WGS	RANDOM	GENOMIC	SINGLE	0	0	PACBIO_SMRT	Sequel	SRP390056	PRJNA866295		866295	SRS20559579	SAMN40099750	simple	318829	Pyricularia oryzae	Spore_2018							no					ZHEJIANG ACADEMY OF AGRICULTURAL SCIENCES	SRA1807540		public	B27D15F9CE5EFED4075C0BDD62FBADF4	69426333C42A736105EEAA47A3150D29
SRR28084346	2024-02-24 22:08:32	2024-02-24 22:01:48	709920	10422928030	0	14681	6945		https://sra-downloadb.be-md.ncbi.nlm.nih.gov/sos9/sra-pub-run-936/SRR028/28084/SRR28084346/SRR28084346.1	SRX23730908	PB_Hyphae_2020	WGS	RANDOM	GENOMIC	SINGLE	0	0	PACBIO_SMRT	Sequel II	SRP390056	PRJNA866295		866295	SRS20559580	SAMN40099751	simple	318829	Pyricularia oryzae	Hyphae_2020							no					ZHEJIANG ACADEMY OF AGRICULTURAL SCIENCES	SRA1807540		public	E60035BE66B85ED9C55C72553704E4A7	E30DCA7590711133A0B0C5E904AEF353
ERR12093233	2024-02-13 21:27:35	2024-02-16 23:18:23	142746	783179175	0	5486	574		https://sra-downloadb.be-md.ncbi.nlm.nih.gov/sos9/sra-pub-run-936/ERR012/12093/ERR12093233/ERR12093233.1	ERX11474155		WGS	size fractionation	GENOMIC	SINGLE	0	0	OXFORD_NANOPORE	PromethION	ERP151781	PRJEB66723		1076442	ERS16453206	SAMEA114466569	simple	318829	Pyricularia oryzae	SAMEA114466569							no					THE JOHN INNES CENTRE	ERA27290819		public	BFCAC1D8187AD85A002997479F79924E	8B317C4F1B22C993370DB104FDD285D4
SRR25731889	2024-09-06 03:19:34	2023-08-22 19:56:50	193501	5945831534	0	30727	5134		https://sra-downloadb.be-md.ncbi.nlm.nih.gov/sos13/sra-pub-run-1330/SRR025/25731/SRR25731889/SRR25731889.1	SRX21455572	O-135_LR_Genome	WGS	size fractionation	GENOMIC	SINGLE	0	0	OXFORD_NANOPORE	MinION	SRP456452	PRJNA1006359		1006359	SRS18691481	SAMN37051447	simple	318829	Pyricularia oryzae	O-135_LR_Genome							no					KANSAS STATE UNIVERSITY	SRA1695478		public	EF1BC0EE961768F510DCD7814F971AFB	8C22CAB16AE44AB94A50C55781E301D2
SRR25731887	2024-09-06 03:19:35	2023-08-22 18:23:30	232734	2971477204	0	12767	2562		https://sra-downloadb.be-md.ncbi.nlm.nih.gov/sos13/sra-pub-run-1330/SRR025/25731/SRR25731887/SRR25731887.1	SRX21455574	O-137_LR_Genome	WGS	size fractionation	GENOMIC	SINGLE	0	0	OXFORD_NANOPORE	MinION	SRP456452	PRJNA1006359		1006359	SRS18691483	SAMN37051449	simple	318829	Pyricularia oryzae	O-137_LR_Genome							no					KANSAS STATE UNIVERSITY	SRA1695478		public	14E64B52DB3BA009D0C2FDCFA5500218	A4BABDFBAA53BD996CDF0928A0248DBB
SRR25731885	2024-09-06 03:19:35	2023-08-22 18:47:12	245136	6795158179	0	27719	5879		https://sra-downloadb.be-md.ncbi.nlm.nih.gov/sos13/sra-pub-run-1330/SRR025/25731/SRR25731885/SRR25731885.1	SRX21455576	O-219_LR_Genome	WGS	size fractionation	GENOMIC	SINGLE	0	0	OXFORD_NANOPORE	MinION	SRP456452	PRJNA1006359		1006359	SRS18691485	SAMN37051451	simple	318829	Pyricularia oryzae	O-219_LR_Genome							no					KANSAS STATE UNIVERSITY	SRA1695478		public	3AB0295444F0D6350E09D4E8F7C93626	D4D104E61299A99375675570108501FA
SRR25731892	2024-09-06 03:19:34	2023-08-22 18:36:11	176003	3989411861	0	22666	3417		https://sra-downloadb.be-md.ncbi.nlm.nih.gov/sos13/sra-pub-run-1330/SRR025/25731/SRR25731892/SRR25731892.1	SRX21455569	Guy11_LR_Genome	WGS	size fractionation	GENOMIC	SINGLE	0	0	OXFORD_NANOPORE	MinION	SRP456452	PRJNA1006359		1006359	SRS18691478	SAMN37051445	simple	318829	Pyricularia oryzae	Guy11_LR_Genome							no					KANSAS STATE UNIVERSITY	SRA1695478		public	9C9D8D7030DB7A0A4EBF611E24B7183F	4B1841D1B3A388C75265B2EA4036901A
SRR25534138	2023-08-05 20:45:27	2023-08-05 20:40:24	605058	8864860049	0	14651	7356		https://sra-downloadb.be-md.ncbi.nlm.nih.gov/sos13/sra-pub-run-1330/SRR025/25534/SRR25534138/SRR25534138.1	SRX21263406	T_T3-3	WGS	RANDOM	GENOMIC	SINGLE	0	0	OXFORD_NANOPORE	MinION	SRP453560	PRJNA1002604		1002604	SRS18516483	SAMN36849576	simple	318829	Pyricularia oryzae	T_T3-3							no					KANSAS STATE UNIVERSITY	SRA1687200		public	5406879AB66015EB1100A0FE5296CB12	5713EC89173EB3CE69AF7E45DBBEF1C1
SRR24890910	2023-06-23 22:24:10	2023-06-11 01:18:24	801982	10033231062	0	12510	2427		https://sra-downloadb.be-md.ncbi.nlm.nih.gov/sos9/sra-pub-run-936/SRR024/24890/SRR24890910/SRR24890910.1	SRX20653209	PacBio	WGS	RANDOM	GENOMIC	SINGLE	0	0	PACBIO_SMRT	Sequel II	SRP442678	PRJNA82693	2	82693	SRS17950947	SAMN02981399	simple	1143193	Pyricularia oryzae P131	gb|AHZT00000000.1							no					CHINA AGRICULTURAL UNIVERSITY	SRA1652842		public	68E1C3B393414B1AA714E8FE3B7249B1	E02D15B062EC73E68AB865478AEAFF9D
DRR445870	2023-03-24 13:08:58	2023-03-24 13:08:44	1022720	3834299322	0	3749	3149		https://sra-downloadb.be-md.ncbi.nlm.nih.gov/sos13/sra-pub-zq-1303/DRR000/445/DRR445870/DRR445870.lite.1	DRX430962		WGS	unspecified	GENOMIC	SINGLE	0	0	OXFORD_NANOPORE	MinION	DRP009756	PRJDB15332		948568	DRS286189	SAMD00582188	simple	318829	Pyricularia oryzae	SAMD00582188							no					IBRC	DRA015758		public	3CF130D2C753DB6D4402AF661BC52CC8	9765BD4B3F0C8A6FDA72E5D6EE68B81B
DRR445871	2023-03-24 13:08:58	2023-03-24 13:05:50	178203	2888095048	0	16206	2327		https://sra-downloadb.be-md.ncbi.nlm.nih.gov/sos13/sra-pub-zq-1303/DRR000/445/DRR445871/DRR445871.lite.1	DRX430963		WGS	unspecified	GENOMIC	SINGLE	0	0	OXFORD_NANOPORE	MinION	DRP009756	PRJDB15332		948568	DRS286190	SAMD00582189	simple	318829	Pyricularia oryzae	SAMD00582189							no					IBRC	DRA015758		public	644CE5F9ECB52410452DB95331BC5FAF	4EA31D50DB7338C6A0597C28A5D78F57
DRR445872	2023-03-24 13:08:58	2023-03-24 13:07:05	128904	2312823105	0	17942	1875		https://sra-downloadb.be-md.ncbi.nlm.nih.gov/sos13/sra-pub-zq-1303/DRR000/445/DRR445872/DRR445872.lite.1	DRX430964		WGS	unspecified	GENOMIC	SINGLE	0	0	OXFORD_NANOPORE	MinION	DRP009756	PRJDB15332		948568	DRS286191	SAMD00582190	simple	318829	Pyricularia oryzae	SAMD00582190							no					IBRC	DRA015758		public	0174F9F94B89DFB56BC7F91E09E5DD19	C693587CE0C78F5DED7A792FB28EE704
DRR445873	2023-03-24 13:08:59	2023-03-24 13:05:26	272274	2676968471	0	9831	2175		https://sra-downloadb.be-md.ncbi.nlm.nih.gov/sos13/sra-pub-zq-1303/DRR000/445/DRR445873/DRR445873.lite.1	DRX430965		WGS	unspecified	GENOMIC	SINGLE	0	0	OXFORD_NANOPORE	MinION	DRP009756	PRJDB15332		948568	DRS286192	SAMD00582191	simple	318829	Pyricularia oryzae	SAMD00582191							no					IBRC	DRA015758		public	143ABDDAF2E51611775AB9D64AADDFCA	A14DA6C26C5741211733060D96B9A398
DRR445874	2023-03-24 13:08:59	2023-03-24 13:05:23	639471	3849122144	0	6019	3129		https://sra-downloadb.be-md.ncbi.nlm.nih.gov/sos13/sra-pub-zq-1303/DRR000/445/DRR445874/DRR445874.lite.1	DRX430966		WGS	unspecified	GENOMIC	SINGLE	0	0	OXFORD_NANOPORE	MinION	DRP009756	PRJDB15332		948568	DRS286193	SAMD00582192	simple	318829	Pyricularia oryzae	SAMD00582192							no					IBRC	DRA015758		public	26AB0B171F48C9C908B0F062E2FB8C9F	A184A5EC76215C1F712105E1451B447A
DRR445875	2023-03-24 13:08:59	2023-03-24 13:06:06	244554	2669418858	0	10915	2163		https://sra-downloadb.be-md.ncbi.nlm.nih.gov/sos13/sra-pub-zq-1303/DRR000/445/DRR445875/DRR445875.lite.1	DRX430967		WGS	unspecified	GENOMIC	SINGLE	0	0	OXFORD_NANOPORE	MinION	DRP009756	PRJDB15332		948568	DRS286194	SAMD00582193	simple	318829	Pyricularia oryzae	SAMD00582193							no					IBRC	DRA015758		public	BED79268F327E33CD274E031023445F3	D6449C689F5D4D96777C924AF22E2C9F
DRR445876	2023-03-24 13:08:59	2023-03-24 13:08:41	738390	6238089363	0	8448	5043		https://sra-downloadb.be-md.ncbi.nlm.nih.gov/sos13/sra-pub-zq-1303/DRR000/445/DRR445876/DRR445876.lite.1	DRX430968		WGS	unspecified	GENOMIC	SINGLE	0	0	OXFORD_NANOPORE	MinION	DRP009756	PRJDB15332		948568	DRS286195	SAMD00582194	simple	318829	Pyricularia oryzae	SAMD00582194							no					IBRC	DRA015758		public	86D9922CDBA41904022B1768B977F4CA	94250E04AD78DEF622685E2301B472AE
DRR445877	2023-03-24 13:08:59	2023-03-24 13:06:14	551619	5863745665	0	10630	4744		https://sra-downloadb.be-md.ncbi.nlm.nih.gov/sos13/sra-pub-zq-1303/DRR000/445/DRR445877/DRR445877.lite.1	DRX430969		WGS	unspecified	GENOMIC	SINGLE	0	0	OXFORD_NANOPORE	MinION	DRP009756	PRJDB15332		948568	DRS286196	SAMD00582195	simple	318829	Pyricularia oryzae	SAMD00582195							no					IBRC	DRA015758		public	8C3133B5A529B4D4147D7A44A898AA0A	8CDD41443E52A69D30818C8B9307516D
DRR445878	2023-03-24 13:08:59	2023-03-24 13:04:29	176658	3200098637	0	18114	2568		https://sra-downloadb.be-md.ncbi.nlm.nih.gov/sos13/sra-pub-zq-1303/DRR000/445/DRR445878/DRR445878.lite.1	DRX430970		WGS	unspecified	GENOMIC	SINGLE	0	0	OXFORD_NANOPORE	MinION	DRP009756	PRJDB15332		948568	DRS286197	SAMD00582196	simple	318829	Pyricularia oryzae	SAMD00582196							no					IBRC	DRA015758		public	ED5393CF45F8FADC0D878DC39F7E5E02	E93D86CA4C1F7555E60CC4ACF546D3CF
DRR445879	2023-03-24 13:08:59	2023-03-24 13:06:31	568532	3082322336	0	5421	2487		https://sra-downloadb.be-md.ncbi.nlm.nih.gov/sos13/sra-pub-zq-1303/DRR000/445/DRR445879/DRR445879.lite.1	DRX430971		WGS	unspecified	GENOMIC	SINGLE	0	0	OXFORD_NANOPORE	MinION	DRP009756	PRJDB15332		948568	DRS286198	SAMD00582197	simple	318829	Pyricularia oryzae	SAMD00582197							no					IBRC	DRA015758		public	BE61E90D8C8C3F6971289690D27D9C83	807F2D4DA5A6715D2EC18B349A3A18A7
DRR445880	2023-03-24 13:08:59	2023-03-24 13:08:11	312340	5945415988	0	19035	4775		https://sra-downloadb.be-md.ncbi.nlm.nih.gov/sos13/sra-pub-zq-1303/DRR000/445/DRR445880/DRR445880.lite.1	DRX430972		WGS	unspecified	GENOMIC	SINGLE	0	0	OXFORD_NANOPORE	MinION	DRP009756	PRJDB15332		948568	DRS286199	SAMD00582198	simple	318829	Pyricularia oryzae	SAMD00582198							no					IBRC	DRA015758		public	BF226C789B93CE986B7BB82B3708B37E	EAA6BED0132A149344478BBC40F03FAD
DRR445881	2023-03-24 13:08:59	2023-03-24 13:06:50	903960	4395139860	0	4862	3588		https://sra-downloadb.be-md.ncbi.nlm.nih.gov/sos13/sra-pub-zq-1303/DRR000/445/DRR445881/DRR445881.lite.1	DRX430973		WGS	unspecified	GENOMIC	SINGLE	0	0	OXFORD_NANOPORE	MinION	DRP009756	PRJDB15332		948568	DRS286200	SAMD00582199	simple	318829	Pyricularia oryzae	SAMD00582199							no					IBRC	DRA015758		public	C23F8FC18D702D0E6F3AB90AE83672EA	7B8F27469E1E2128C59F4BD00189690B
DRR445882	2023-03-24 13:08:59	2023-03-24 13:08:14	259151	3784552724	0	14603	3072		https://sra-downloadb.be-md.ncbi.nlm.nih.gov/sos13/sra-pub-zq-1303/DRR000/445/DRR445882/DRR445882.lite.1	DRX430974		WGS	unspecified	GENOMIC	SINGLE	0	0	OXFORD_NANOPORE	MinION	DRP009756	PRJDB15332		948568	DRS286201	SAMD00582200	simple	318829	Pyricularia oryzae	SAMD00582200							no					IBRC	DRA015758		public	4905F9C19D4453C734BD4FE5A31CA72C	8BE0D19280CC0C360FE92AF58DF4BF25
DRR445883	2023-03-24 13:08:59	2023-03-24 13:06:59	146690	2003004197	0	13654	1619		https://sra-downloadb.be-md.ncbi.nlm.nih.gov/sos13/sra-pub-zq-1303/DRR000/445/DRR445883/DRR445883.lite.1	DRX430975		WGS	unspecified	GENOMIC	SINGLE	0	0	OXFORD_NANOPORE	MinION	DRP009756	PRJDB15332		948568	DRS286202	SAMD00582201	simple	318829	Pyricularia oryzae	SAMD00582201							no					IBRC	DRA015758		public	D3EEE2E03A04A6BCAE110C18D5BADC14	E4F3391BC2335DA0DF94309F63317A3F
DRR445884	2023-03-24 13:08:59	2023-03-24 13:06:00	125052	2536332469	0	20282	2054		https://sra-downloadb.be-md.ncbi.nlm.nih.gov/sos13/sra-pub-zq-1303/DRR000/445/DRR445884/DRR445884.lite.1	DRX430976		WGS	unspecified	GENOMIC	SINGLE	0	0	OXFORD_NANOPORE	MinION	DRP009756	PRJDB15332		948568	DRS286203	SAMD00582202	simple	318829	Pyricularia oryzae	SAMD00582202							no					IBRC	DRA015758		public	B496D21B11C7EEF9179853B6BC7A1161	E241C131515CAB077699AFFBB11BE981
DRR445885	2023-03-24 13:08:59	2023-03-24 13:05:02	288527	2737154116	0	9486	2208		https://sra-downloadb.be-md.ncbi.nlm.nih.gov/sos13/sra-pub-zq-1303/DRR000/445/DRR445885/DRR445885.lite.1	DRX430977		WGS	unspecified	GENOMIC	SINGLE	0	0	OXFORD_NANOPORE	MinION	DRP009756	PRJDB15332		948568	DRS286204	SAMD00582203	simple	318829	Pyricularia oryzae	SAMD00582203							no					IBRC	DRA015758		public	CC01B5A9918042681E26E6785550CD18	FC10A65CF38C92CCE1124C9C55273768
DRR445886	2023-03-24 13:08:59	2023-03-24 13:07:53	112091	2010440935	0	17935	1617		https://sra-downloadb.be-md.ncbi.nlm.nih.gov/sos13/sra-pub-zq-1303/DRR000/445/DRR445886/DRR445886.lite.1	DRX430978		WGS	unspecified	GENOMIC	SINGLE	0	0	OXFORD_NANOPORE	MinION	DRP009756	PRJDB15332		948568	DRS286205	SAMD00582204	simple	318829	Pyricularia oryzae	SAMD00582204							no					IBRC	DRA015758		public	3BFEB676BA3B4B022979700A984C1D9B	2BB7A34108E36CF2CF5CEFBD9A8F7A7D
DRR445887	2023-03-24 13:08:59	2023-03-24 13:05:47	513286	4348690548	0	8472	3524		https://sra-downloadb.be-md.ncbi.nlm.nih.gov/sos13/sra-pub-zq-1303/DRR000/445/DRR445887/DRR445887.lite.1	DRX430979		WGS	unspecified	GENOMIC	SINGLE	0	0	OXFORD_NANOPORE	MinION	DRP009756	PRJDB15332		948568	DRS286206	SAMD00582205	simple	318829	Pyricularia oryzae	SAMD00582205							no					IBRC	DRA015758		public	FC6B6D39EED838BBD07113D67EB840C6	75A0DCB3477743D16ADF107E1FEAA48D
DRR445888	2023-03-24 13:08:59	2023-03-24 13:07:59	285858	3130241214	0	10950	2534		https://sra-downloadb.be-md.ncbi.nlm.nih.gov/sos13/sra-pub-zq-1303/DRR000/445/DRR445888/DRR445888.lite.1	DRX430980		WGS	unspecified	GENOMIC	SINGLE	0	0	OXFORD_NANOPORE	MinION	DRP009756	PRJDB15332		948568	DRS286207	SAMD00582206	simple	318829	Pyricularia oryzae	SAMD00582206							no					IBRC	DRA015758		public	565C955FE53E81CC163D33872C81B6C8	5F92265F0CF6ADE8138F4189F5FB16F8
DRR445889	2023-03-24 13:08:59	2023-03-24 13:07:16	257329	3018072267	0	11728	2450		https://sra-downloadb.be-md.ncbi.nlm.nih.gov/sos13/sra-pub-zq-1303/DRR000/445/DRR445889/DRR445889.lite.1	DRX430981		WGS	unspecified	GENOMIC	SINGLE	0	0	OXFORD_NANOPORE	MinION	DRP009756	PRJDB15332		948568	DRS286208	SAMD00582207	simple	318829	Pyricularia oryzae	SAMD00582207							no					IBRC	DRA015758		public	79AF7ADCF63454F33325E68C6929C3F2	7DED57886345C39E816371A1D8A66412
ERR9878952	2022-09-20 22:16:24	2022-09-27 02:21:46	906639	5850082809	0	6452	4833		https://sra-downloadb.be-md.ncbi.nlm.nih.gov/sos13/sra-pub-run-1330/ERR009/9878/ERR9878952/ERR9878952.1	ERX9424159	Future Genomics Technologies	WGS	unspecified	GENOMIC	SINGLE	0	0	OXFORD_NANOPORE	PromethION	ERP138621	PRJEB53806		882327	ERS12276099	SAMEA110177291	simple	318829	Pyricularia oryzae	SAMEA110177291							no					THE JOHN INNES CENTRE	ERA15967743		public	EBE61282B712AD9E213078F42D4379A1	CEBC4B30787276E04638835CEAF85CE5
SRR23023367	2026-02-01 00:18:06	2023-01-09 09:52:51	398299	2386401397	0	5991	1119		https://sra-downloadb.be-md.ncbi.nlm.nih.gov/sos10/sra-pub-run-1001/SRR023/23023/SRR23023367/SRR23023367.1	SRX18978878	GW6_HiFi	WGS	Oligo-dT	GENOMIC	SINGLE	0	0	PACBIO_SMRT	Sequel II	SRP416583	PRJNA895008		895008	SRS16400492	SAMN32641600	simple	318829	Pyricularia oryzae	gw6							no					HEBEI AGRICULTURAL UNIVERSITY	SRA1571247		public	7BEB7C261A60B18535F0F8C165406993	1A3F8907C946E38661CCDD5746395AD3
ERR9878918	2022-09-20 22:16:23		0	0	0	0	0			ERX9424125	Future Genomics Technologies	WGS	unspecified	GENOMIC	SINGLE	0	0	OXFORD_NANOPORE	PromethION	ERP138621	PRJEB53806		882327	ERS12276076	SAMEA110177268	simple	318829	Pyricularia oryzae	SAMEA110177268							no					THE JOHN INNES CENTRE	ERA15967743		public		
ERR9878919	2022-09-20 22:16:23	2022-09-27 02:17:58	867659	4305267816	0	4961	3550		https://sra-downloadb.be-md.ncbi.nlm.nih.gov/sos13/sra-pub-run-1330/ERR009/9878/ERR9878919/ERR9878919.1	ERX9424126	Future Genomics Technologies	WGS	unspecified	GENOMIC	SINGLE	0	0	OXFORD_NANOPORE	PromethION	ERP138621	PRJEB53806		882327	ERS12276077	SAMEA110177269	simple	318829	Pyricularia oryzae	SAMEA110177269							no					THE JOHN INNES CENTRE	ERA15967743		public	FD6CB3FEB6E9716B94E45EC4612BC519	7685620ED6E8A4DB36F84228F068A591
ERR9878920	2022-09-20 22:16:24	2022-09-27 02:19:32	1444222	5041845003	0	3491	4167		https://sra-downloadb.be-md.ncbi.nlm.nih.gov/sos13/sra-pub-run-1330/ERR009/9878/ERR9878920/ERR9878920.1	ERX9424127	Future Genomics Technologies	WGS	unspecified	GENOMIC	SINGLE	0	0	OXFORD_NANOPORE	PromethION	ERP138621	PRJEB53806		882327	ERS12276078	SAMEA110177270	simple	318829	Pyricularia oryzae	SAMEA110177270							no					THE JOHN INNES CENTRE	ERA15967743		public	1B9769DA7BCDC67043FDE03B0F805A86	BEB793CC3128047E64BF87FC29B84263
ERR9878921	2022-09-20 22:16:24	2022-09-27 02:17:56	1466831	4693824999	0	3199	3877		https://sra-downloadb.be-md.ncbi.nlm.nih.gov/sos13/sra-pub-run-1330/ERR009/9878/ERR9878921/ERR9878921.1	ERX9424128	Future Genomics Technologies	WGS	unspecified	GENOMIC	SINGLE	0	0	OXFORD_NANOPORE	PromethION	ERP138621	PRJEB53806		882327	ERS12276078	SAMEA110177270	simple	318829	Pyricularia oryzae	SAMEA110177270							no					THE JOHN INNES CENTRE	ERA15967743		public	17EE307C6EB3E16876B64BB5498DF0D4	0F7B5375713F305D6D862666D9C4BB36
ERR9878922	2022-09-20 22:16:24	2022-09-27 02:20:29	1184691	5134409378	0	4333	4239		https://sra-downloadb.be-md.ncbi.nlm.nih.gov/sos13/sra-pub-run-1330/ERR009/9878/ERR9878922/ERR9878922.1	ERX9424129	Future Genomics Technologies	WGS	unspecified	GENOMIC	SINGLE	0	0	OXFORD_NANOPORE	PromethION	ERP138621	PRJEB53806		882327	ERS12276079	SAMEA110177271	simple	318829	Pyricularia oryzae	SAMEA110177271							no					THE JOHN INNES CENTRE	ERA15967743		public	429557EC9208E3FBD23863F54B8C2123	11443167FD5C16409A8302D7110E3B35
ERR9878923	2022-09-20 22:16:24	2022-09-27 02:21:44	883573	4862113679	0	5502	4005		https://sra-downloadb.be-md.ncbi.nlm.nih.gov/sos13/sra-pub-run-1330/ERR009/9878/ERR9878923/ERR9878923.1	ERX9424130	Future Genomics Technologies	WGS	unspecified	GENOMIC	SINGLE	0	0	OXFORD_NANOPORE	PromethION	ERP138621	PRJEB53806		882327	ERS12276080	SAMEA110177272	simple	318829	Pyricularia oryzae	SAMEA110177272							no					THE JOHN INNES CENTRE	ERA15967743		public	78E8365E06D87605D92A76C017B5B5B8	ADE7C4828C51D5D006F2752C752C5362
ERR9878924	2022-09-20 22:16:24	2022-09-27 02:19:02	888150	4388384996	0	4941	3612		https://sra-downloadb.be-md.ncbi.nlm.nih.gov/sos13/sra-pub-run-1330/ERR009/9878/ERR9878924/ERR9878924.1	ERX9424131	Future Genomics Technologies	WGS	unspecified	GENOMIC	SINGLE	0	0	OXFORD_NANOPORE	PromethION	ERP138621	PRJEB53806		882327	ERS12276080	SAMEA110177272	simple	318829	Pyricularia oryzae	SAMEA110177272							no					THE JOHN INNES CENTRE	ERA15967743		public	94ACE6A8E00B660697EF6522A21420D8	BC2E8B97D42FED868010E8D08556701F
ERR9878925	2022-09-20 22:16:24	2022-09-27 02:19:59	993493	4237033045	0	4264	3493		https://sra-downloadb.be-md.ncbi.nlm.nih.gov/sos13/sra-pub-run-1330/ERR009/9878/ERR9878925/ERR9878925.1	ERX9424132	Future Genomics Technologies	WGS	unspecified	GENOMIC	SINGLE	0	0	OXFORD_NANOPORE	PromethION	ERP138621	PRJEB53806		882327	ERS12276081	SAMEA110177273	simple	318829	Pyricularia oryzae	SAMEA110177273							no					THE JOHN INNES CENTRE	ERA15967743		public	85A9F9B1B6A85E1B5BBEB9B62A960CEC	104E7AA04E98F4CE229AD37686BD186A
ERR9878926	2022-09-20 22:16:24	2022-09-27 02:19:32	966853	3745705237	0	3874	3087		https://sra-downloadb.be-md.ncbi.nlm.nih.gov/sos13/sra-pub-run-1330/ERR009/9878/ERR9878926/ERR9878926.1	ERX9424133	Future Genomics Technologies	WGS	unspecified	GENOMIC	SINGLE	0	0	OXFORD_NANOPORE	PromethION	ERP138621	PRJEB53806		882327	ERS12276081	SAMEA110177273	simple	318829	Pyricularia oryzae	SAMEA110177273							no					THE JOHN INNES CENTRE	ERA15967743		public	211E9E90A4BDD22FC0BA1FB5EDD413E1	8258D7420751E44E255066D8A22F7B17
ERR9878927	2022-09-20 22:16:24	2022-09-27 02:23:42	2030278	5682030691	0	2798	4707		https://sra-downloadb.be-md.ncbi.nlm.nih.gov/sos13/sra-pub-run-1330/ERR009/9878/ERR9878927/ERR9878927.1	ERX9424134	Future Genomics Technologies	WGS	unspecified	GENOMIC	SINGLE	0	0	OXFORD_NANOPORE	PromethION	ERP138621	PRJEB53806		882327	ERS12276082	SAMEA110177274	simple	318829	Pyricularia oryzae	SAMEA110177274							no					THE JOHN INNES CENTRE	ERA15967743		public	30827C080E2808C036218A268D035DFA	91D486E62FDA4149D81CDA6BD2287DB1
ERR9878928	2022-09-20 22:16:24	2022-09-27 02:23:00	1861207	6819532455	0	3664	5637		https://sra-downloadb.be-md.ncbi.nlm.nih.gov/sos13/sra-pub-run-1330/ERR009/9878/ERR9878928/ERR9878928.1	ERX9424135	Future Genomics Technologies	WGS	unspecified	GENOMIC	SINGLE	0	0	OXFORD_NANOPORE	PromethION	ERP138621	PRJEB53806		882327	ERS12276083	SAMEA110177275	simple	318829	Pyricularia oryzae	SAMEA110177275							no					THE JOHN INNES CENTRE	ERA15967743		public	5AA24F6F1E1475193284ACA7D415FD21	5E4D63430C66E798D22A4106D32327F4
ERR9878929	2022-09-20 22:16:24	2022-09-27 02:17:27	1219723	5365664581	0	4399	4434		https://sra-downloadb.be-md.ncbi.nlm.nih.gov/sos13/sra-pub-run-1330/ERR009/9878/ERR9878929/ERR9878929.1	ERX9424136	Future Genomics Technologies	WGS	unspecified	GENOMIC	SINGLE	0	0	OXFORD_NANOPORE	PromethION	ERP138621	PRJEB53806		882327	ERS12276084	SAMEA110177276	simple	318829	Pyricularia oryzae	SAMEA110177276							no					THE JOHN INNES CENTRE	ERA15967743		public	7249FA89AD368C11B95D84FF6207EEDD	9E417FF40CB4CBB858248940D014A5BE
ERR9878930	2022-09-20 22:16:24	2022-09-27 02:17:10	906120	3642935970	0	4020	3004		https://sra-downloadb.be-md.ncbi.nlm.nih.gov/sos13/sra-pub-run-1330/ERR009/9878/ERR9878930/ERR9878930.1	ERX9424137	Future Genomics Technologies	WGS	unspecified	GENOMIC	SINGLE	0	0	OXFORD_NANOPORE	PromethION	ERP138621	PRJEB53806		882327	ERS12276084	SAMEA110177276	simple	318829	Pyricularia oryzae	SAMEA110177276							no					THE JOHN INNES CENTRE	ERA15967743		public	A54980BC7E6B576215A569F25C50E28D	A0CE2E5223B399EA8D37CFAF84D76204
ERR9878931	2022-09-20 22:16:24	2022-09-27 02:23:55	1165605	6184170603	0	5305	5106		https://sra-downloadb.be-md.ncbi.nlm.nih.gov/sos13/sra-pub-run-1330/ERR009/9878/ERR9878931/ERR9878931.1	ERX9424138	Future Genomics Technologies	WGS	unspecified	GENOMIC	SINGLE	0	0	OXFORD_NANOPORE	PromethION	ERP138621	PRJEB53806		882327	ERS12276085	SAMEA110177277	simple	318829	Pyricularia oryzae	SAMEA110177277							no					THE JOHN INNES CENTRE	ERA15967743		public	04D20851CE6FD2EA67DB784A453454F6	CCC423C28AD23188A5C99BB36A8479B7
ERR9878932	2022-09-20 22:16:24	2022-09-27 02:21:31	1791349	5654310568	0	3156	4672		https://sra-downloadb.be-md.ncbi.nlm.nih.gov/sos13/sra-pub-run-1330/ERR009/9878/ERR9878932/ERR9878932.1	ERX9424139	Future Genomics Technologies	WGS	unspecified	GENOMIC	SINGLE	0	0	OXFORD_NANOPORE	PromethION	ERP138621	PRJEB53806		882327	ERS12276086	SAMEA110177278	simple	318829	Pyricularia oryzae	SAMEA110177278							no					THE JOHN INNES CENTRE	ERA15967743		public	55E4E73EC21870AD9881A8FB625B1D0D	095189F7268E1DDB8A639268E31EFAC9
SRR21640537	2022-09-20 13:24:14	2022-09-20 13:07:57	46991	357798974	0	7614	296		https://sra-downloadb.be-md.ncbi.nlm.nih.gov/sos13/sra-pub-run-1330/SRR021/21640/SRR21640537/SRR21640537.1	SRX17640672	ONT_LSK109_MIN106_L01	WGS	RANDOM	GENOMIC	SINGLE	0	0	OXFORD_NANOPORE	MinION	SRP398240	PRJNA881958		881958	SRS15174973	SAMN30921126	simple	318829	Pyricularia oryzae	KEN54-20							no					THE SAINSBURY LABORATORY	SRA1501840		public	0E056C4B018A93944F34B7075EC6F33D	A4EDBED7C5B3CE4A5EB085209BF31B81
ERR9878933	2022-09-20 22:16:24	2022-09-27 02:17:41	1165312	4514921909	0	3874	3728		https://sra-downloadb.be-md.ncbi.nlm.nih.gov/sos13/sra-pub-run-1330/ERR009/9878/ERR9878933/ERR9878933.1	ERX9424140	Future Genomics Technologies	WGS	unspecified	GENOMIC	SINGLE	0	0	OXFORD_NANOPORE	PromethION	ERP138621	PRJEB53806		882327	ERS12276087	SAMEA110177279	simple	318829	Pyricularia oryzae	SAMEA110177279							no					THE JOHN INNES CENTRE	ERA15967743		public	4BBD336D8B80419D8943DBB7A188B3E0	3F48DB7F0AC07AC99F8F20DEC4B1802D
ERR9878934	2022-09-20 22:16:24	2022-09-27 02:19:39	1154144	4108436819	0	3559	3390		https://sra-downloadb.be-md.ncbi.nlm.nih.gov/sos13/sra-pub-run-1330/ERR009/9878/ERR9878934/ERR9878934.1	ERX9424141	Future Genomics Technologies	WGS	unspecified	GENOMIC	SINGLE	0	0	OXFORD_NANOPORE	PromethION	ERP138621	PRJEB53806		882327	ERS12276087	SAMEA110177279	simple	318829	Pyricularia oryzae	SAMEA110177279							no					THE JOHN INNES CENTRE	ERA15967743		public	545E689189809D8D5F5AEC2C20D5FD55	0CABE2CB0231CC466A43ED6BD7FA36FB
ERR9878935	2022-09-20 22:16:24	2022-09-27 02:21:36	877955	4065437630	0	4630	3359		https://sra-downloadb.be-md.ncbi.nlm.nih.gov/sos13/sra-pub-run-1330/ERR009/9878/ERR9878935/ERR9878935.1	ERX9424142	Future Genomics Technologies	WGS	unspecified	GENOMIC	SINGLE	0	0	OXFORD_NANOPORE	PromethION	ERP138621	PRJEB53806		882327	ERS12276088	SAMEA110177280	simple	318829	Pyricularia oryzae	SAMEA110177280							no					THE JOHN INNES CENTRE	ERA15967743		public	D01EB5A9FBD92220FD884F8109341879	C340840C1D4D304C1A595D9D182FDBF3
ERR9878936	2022-09-20 22:16:24	2022-09-27 02:17:01	678319	3094421626	0	4561	2549		https://sra-downloadb.be-md.ncbi.nlm.nih.gov/sos13/sra-pub-run-1330/ERR009/9878/ERR9878936/ERR9878936.1	ERX9424143	Future Genomics Technologies	WGS	unspecified	GENOMIC	SINGLE	0	0	OXFORD_NANOPORE	PromethION	ERP138621	PRJEB53806		882327	ERS12276088	SAMEA110177280	simple	318829	Pyricularia oryzae	SAMEA110177280							no					THE JOHN INNES CENTRE	ERA15967743		public	7F098F142BDCC1CA486952046D508A68	E0D34ADC442A0D5C423B94297F921886
ERR9878937	2022-09-20 22:16:24	2022-09-27 02:26:08	1069555	6030593155	0	5638	4964		https://sra-downloadb.be-md.ncbi.nlm.nih.gov/sos13/sra-pub-run-1330/ERR009/9878/ERR9878937/ERR9878937.1	ERX9424144	Future Genomics Technologies	WGS	unspecified	GENOMIC	SINGLE	0	0	OXFORD_NANOPORE	PromethION	ERP138621	PRJEB53806		882327	ERS12276089	SAMEA110177281	simple	318829	Pyricularia oryzae	SAMEA110177281							no					THE JOHN INNES CENTRE	ERA15967743		public	8C1C38724315FA3BA5EF53FB9F800B62	7182824150AAB76AEC65BDEBC4926969
ERR9878938	2022-09-20 22:16:24	2022-09-27 02:19:02	1187530	4478442218	0	3771	3707		https://sra-downloadb.be-md.ncbi.nlm.nih.gov/sos13/sra-pub-run-1330/ERR009/9878/ERR9878938/ERR9878938.1	ERX9424145	Future Genomics Technologies	WGS	unspecified	GENOMIC	SINGLE	0	0	OXFORD_NANOPORE	PromethION	ERP138621	PRJEB53806		882327	ERS12276090	SAMEA110177282	simple	318829	Pyricularia oryzae	SAMEA110177282							no					THE JOHN INNES CENTRE	ERA15967743		public	B37DD5B7FFCE4FFA5523FC5B2896F9B4	4E5022CDA320167E87447DD058232BB3
ERR9878939	2022-09-20 22:16:24	2022-09-27 02:15:58	925782	3468059408	0	3746	2862		https://sra-downloadb.be-md.ncbi.nlm.nih.gov/sos13/sra-pub-run-1330/ERR009/9878/ERR9878939/ERR9878939.1	ERX9424146	Future Genomics Technologies	WGS	unspecified	GENOMIC	SINGLE	0	0	OXFORD_NANOPORE	PromethION	ERP138621	PRJEB53806		882327	ERS12276090	SAMEA110177282	simple	318829	Pyricularia oryzae	SAMEA110177282							no					THE JOHN INNES CENTRE	ERA15967743		public	79E117395F6D15374E0F4CC37F622C14	AC4A9E6D367166288D6E90E2DF3C276B
ERR9878940	2022-09-20 22:16:24	2022-09-27 02:26:52	988431	6543158784	0	6619	5398		https://sra-downloadb.be-md.ncbi.nlm.nih.gov/sos13/sra-pub-run-1330/ERR009/9878/ERR9878940/ERR9878940.1	ERX9424147	Future Genomics Technologies	WGS	unspecified	GENOMIC	SINGLE	0	0	OXFORD_NANOPORE	PromethION	ERP138621	PRJEB53806		882327	ERS12276091	SAMEA110177283	simple	318829	Pyricularia oryzae	SAMEA110177283							no					THE JOHN INNES CENTRE	ERA15967743		public	4FC24F46B0680D600766B5521B117CB2	27F3126DAB0528FF88F9E4EDF7C615DA
ERR9878941	2022-09-20 22:16:24	2022-09-27 02:18:39	766683	4969137170	0	6481	4088		https://sra-downloadb.be-md.ncbi.nlm.nih.gov/sos13/sra-pub-run-1330/ERR009/9878/ERR9878941/ERR9878941.1	ERX9424148	Future Genomics Technologies	WGS	unspecified	GENOMIC	SINGLE	0	0	OXFORD_NANOPORE	PromethION	ERP138621	PRJEB53806		882327	ERS12276091	SAMEA110177283	simple	318829	Pyricularia oryzae	SAMEA110177283							no					THE JOHN INNES CENTRE	ERA15967743		public	8B0CE1FFCE6D91D0306506CB4565D258	FED9FCE864E61034703F33986D80ABF3
ERR9878942	2022-09-20 22:16:24	2022-09-27 02:20:55	1443682	5375387463	0	3723	4445		https://sra-downloadb.be-md.ncbi.nlm.nih.gov/sos13/sra-pub-run-1330/ERR009/9878/ERR9878942/ERR9878942.1	ERX9424149	Future Genomics Technologies	WGS	unspecified	GENOMIC	SINGLE	0	0	OXFORD_NANOPORE	PromethION	ERP138621	PRJEB53806		882327	ERS12276092	SAMEA110177284	simple	318829	Pyricularia oryzae	SAMEA110177284							no					THE JOHN INNES CENTRE	ERA15967743		public	5B4B5F9AFFF48F581AC91A5FEB33D2CB	C0796F7DC87D0E2A46E5F18AFE768801
ERR9878943	2022-09-20 22:16:24	2022-09-27 02:27:33	1100369	4102316803	0	3728	3382		https://sra-downloadb.be-md.ncbi.nlm.nih.gov/sos13/sra-pub-run-1330/ERR009/9878/ERR9878943/ERR9878943.1	ERX9424150	Future Genomics Technologies	WGS	unspecified	GENOMIC	SINGLE	0	0	OXFORD_NANOPORE	PromethION	ERP138621	PRJEB53806		882327	ERS12276092	SAMEA110177284	simple	318829	Pyricularia oryzae	SAMEA110177284							no					THE JOHN INNES CENTRE	ERA15967743		public	D7D2B948C2D9F135BC360F7657A6C107	84CAE3892367CF2964DE01F711F4D9E3
ERR9878944	2022-09-20 22:16:24	2022-09-27 02:21:31	843912	5663506104	0	6711	4671		https://sra-downloadb.be-md.ncbi.nlm.nih.gov/sos13/sra-pub-run-1330/ERR009/9878/ERR9878944/ERR9878944.1	ERX9424151	Future Genomics Technologies	WGS	unspecified	GENOMIC	SINGLE	0	0	OXFORD_NANOPORE	PromethION	ERP138621	PRJEB53806		882327	ERS12276093	SAMEA110177285	simple	318829	Pyricularia oryzae	SAMEA110177285							no					THE JOHN INNES CENTRE	ERA15967743		public	DFBB6B284FF313136A1D7BB72817F832	55FB3550E8F524CAA9934F37DD829469
ERR9878945	2022-09-20 22:16:24	2022-09-27 02:22:03	651050	4293369735	0	6594	3532		https://sra-downloadb.be-md.ncbi.nlm.nih.gov/sos13/sra-pub-run-1330/ERR009/9878/ERR9878945/ERR9878945.1	ERX9424152	Future Genomics Technologies	WGS	unspecified	GENOMIC	SINGLE	0	0	OXFORD_NANOPORE	PromethION	ERP138621	PRJEB53806		882327	ERS12276093	SAMEA110177285	simple	318829	Pyricularia oryzae	SAMEA110177285							no					THE JOHN INNES CENTRE	ERA15967743		public	3D49EA3DA475E05302E194E48382571C	45E4E45A3395BFC12E78B917E9A3D57C
ERR9878946	2022-09-20 22:16:24	2022-09-27 02:26:15	1184840	6421355460	0	5419	5291		https://sra-downloadb.be-md.ncbi.nlm.nih.gov/sos13/sra-pub-run-1330/ERR009/9878/ERR9878946/ERR9878946.1	ERX9424153	Future Genomics Technologies	WGS	unspecified	GENOMIC	SINGLE	0	0	OXFORD_NANOPORE	PromethION	ERP138621	PRJEB53806		882327	ERS12276094	SAMEA110177286	simple	318829	Pyricularia oryzae	SAMEA110177286							no					THE JOHN INNES CENTRE	ERA15967743		public	6083011B1B3B6210B50C5D7A1A09CE66	CDD0898913D5BB84F1730949B5DDADD9
ERR9878947	2022-09-20 22:16:24	2022-09-27 02:19:54	1050424	4533981663	0	4316	3737		https://sra-downloadb.be-md.ncbi.nlm.nih.gov/sos13/sra-pub-run-1330/ERR009/9878/ERR9878947/ERR9878947.1	ERX9424154	Future Genomics Technologies	WGS	unspecified	GENOMIC	SINGLE	0	0	OXFORD_NANOPORE	PromethION	ERP138621	PRJEB53806		882327	ERS12276095	SAMEA110177287	simple	318829	Pyricularia oryzae	SAMEA110177287							no					THE JOHN INNES CENTRE	ERA15967743		public	80E6AF9B60197B4A1E5CE26D631F33AB	1ACCE2B33EC78B9D72026AB956DED932
ERR9878948	2022-09-20 22:16:24	2022-09-27 02:22:39	1191399	5282832627	0	4434	4361		https://sra-downloadb.be-md.ncbi.nlm.nih.gov/sos13/sra-pub-run-1330/ERR009/9878/ERR9878948/ERR9878948.1	ERX9424155	Future Genomics Technologies	WGS	unspecified	GENOMIC	SINGLE	0	0	OXFORD_NANOPORE	PromethION	ERP138621	PRJEB53806		882327	ERS12276096	SAMEA110177288	simple	318829	Pyricularia oryzae	SAMEA110177288							no					THE JOHN INNES CENTRE	ERA15967743		public	3861DC6BF4BD78673F7E8DEAC1B0E772	3DD4AAEB4E99B05BFA5063E15500658E
ERR9878949	2022-09-20 22:16:24	2022-09-27 02:21:23	1104922	5506451110	0	4983	4542		https://sra-downloadb.be-md.ncbi.nlm.nih.gov/sos13/sra-pub-run-1330/ERR009/9878/ERR9878949/ERR9878949.1	ERX9424156	Future Genomics Technologies	WGS	unspecified	GENOMIC	SINGLE	0	0	OXFORD_NANOPORE	PromethION	ERP138621	PRJEB53806		882327	ERS12276097	SAMEA110177289	simple	318829	Pyricularia oryzae	SAMEA110177289							no					THE JOHN INNES CENTRE	ERA15967743		public	9F23BF10499AA63D0FD333D9A9184F68	5AEA7EDB06082EEDE21EC38F300E7A22
ERR9878950	2022-09-20 22:16:24	2022-09-27 02:22:33	701837	4588202737	0	6537	3779		https://sra-downloadb.be-md.ncbi.nlm.nih.gov/sos13/sra-pub-run-1330/ERR009/9878/ERR9878950/ERR9878950.1	ERX9424157	Future Genomics Technologies	WGS	unspecified	GENOMIC	SINGLE	0	0	OXFORD_NANOPORE	PromethION	ERP138621	PRJEB53806		882327	ERS12276098	SAMEA110177290	simple	318829	Pyricularia oryzae	SAMEA110177290							no					THE JOHN INNES CENTRE	ERA15967743		public	A2F83A99A49D21C42CA9D0AAEDB0F735	3BABCECC872C606F60754F9F7A998266
ERR9878951	2022-09-20 22:16:24	2022-09-27 02:19:54	678368	3978835191	0	5865	3274		https://sra-downloadb.be-md.ncbi.nlm.nih.gov/sos13/sra-pub-run-1330/ERR009/9878/ERR9878951/ERR9878951.1	ERX9424158	Future Genomics Technologies	WGS	unspecified	GENOMIC	SINGLE	0	0	OXFORD_NANOPORE	PromethION	ERP138621	PRJEB53806		882327	ERS12276098	SAMEA110177290	simple	318829	Pyricularia oryzae	SAMEA110177290							no					THE JOHN INNES CENTRE	ERA15967743		public	0883ADA100727C85B2F1E623144EA0C5	B800DB9A7F91CEEE827E66927CA1EB42
ERR9877771	2022-06-27 20:48:56	2022-07-02 05:28:12	1416523	5043035686	0	3560	4370		https://sra-downloadb.be-md.ncbi.nlm.nih.gov/sos13/sra-pub-zq-1301/ERR009/9877/ERR9877771/ERR9877771.lite.1	ERX9422978	Future Genomics Technologies (BaseClear)	WGS	unspecified	GENOMIC	SINGLE	0	0	OXFORD_NANOPORE	PromethION	ERP138521	PRJEB53707		853696	ERS12271837	SAMEA110173037	simple	318829	Pyricularia oryzae	SAMEA110173037							no					THE JOHN INNES CENTRE	ERA15963730		public	A7755436073C1A9D92F4A217FF71C4F5	DA1822572A32F975796AF6D90FD48C36
ERR9877780	2022-06-27 20:48:56	2022-07-02 05:33:08	1895122	6285099032	0	3316	5448		https://sra-downloadb.be-md.ncbi.nlm.nih.gov/sos13/sra-pub-zq-1301/ERR009/9877/ERR9877780/ERR9877780.lite.1	ERX9422987	Future Genomics Technologies (BaseClear)	WGS	unspecified	GENOMIC	SINGLE	0	0	OXFORD_NANOPORE	PromethION	ERP138521	PRJEB53707		853696	ERS12271847	SAMEA110173048	simple	318829	Pyricularia oryzae	SAMEA110173048							no					THE JOHN INNES CENTRE	ERA15964402		public	1E4DAF071BC90B212A0A25741A51EF6B	3595DDDF363583A92B8F13786FAA9370
ERR9877779	2022-06-27 20:48:56	2022-07-02 05:26:03	1577397	5415034040	0	3432	4697		https://sra-downloadb.be-md.ncbi.nlm.nih.gov/sos8/sra-pub-zq-820/ERR009/9877/ERR9877779/ERR9877779.lite.1	ERX9422986	Future Genomics Technologies (BaseClear)	WGS	unspecified	GENOMIC	SINGLE	0	0	OXFORD_NANOPORE	PromethION	ERP138521	PRJEB53707		853696	ERS12271848	SAMEA110173049	simple	318829	Pyricularia oryzae	SAMEA110173049							no					THE JOHN INNES CENTRE	ERA15964038		public	3F03678523F7D14B18B9C67016C96367	D1CA4C08BCF1ED727FE7F8E4D9B22FFC
SRR20662591	2022-10-20 09:41:33	2022-07-27 01:19:11	157775	995424412	0	6309	813		https://sra-downloadb.be-md.ncbi.nlm.nih.gov/sos8/sra-pub-run-834/SRR020/20662/SRR20662591/SRR20662591.1	SRX16685195	Rep1-bas4#11	WGS	other	GENOMIC	SINGLE	0	0	OXFORD_NANOPORE	MinION	SRP332549	PRJNA753862		753862	SRS14316337	SAMN29985041	simple	318829	Pyricularia oryzae	Rep1-bas4#11							no					KANSAS STATE UNIVERSITY	SRA1463309		public	36FA065F0C205B9F9A65B7AA34DBD6C8	88B2CB355C7BE790281175D54985B624
SRR20662593	2022-10-20 09:41:33	2022-07-27 01:20:16	124634	878841651	0	7051	717		https://sra-downloadb.be-md.ncbi.nlm.nih.gov/sos8/sra-pub-run-834/SRR020/20662/SRR20662593/SRR20662593.1	SRX16685193	Rep1-bas4#2	WGS	other	GENOMIC	SINGLE	0	0	OXFORD_NANOPORE	MinION	SRP332549	PRJNA753862		753862	SRS14316335	SAMN29985039	simple	318829	Pyricularia oryzae	Rep1-bas4#2							no					KANSAS STATE UNIVERSITY	SRA1463309		public	64F4F0EEE0E4916AD87365F97D62AF3C	11DC9755C89E65EAE4EA0251DA60852C
SRR20662592	2022-10-20 09:41:33	2022-07-27 01:19:35	144512	1038505518	0	7186	846		https://sra-downloadb.be-md.ncbi.nlm.nih.gov/sos13/sra-pub-run-1330/SRR020/20662/SRR20662592/SRR20662592.1	SRX16685194	Rep1-bas4#3	WGS	other	GENOMIC	SINGLE	0	0	OXFORD_NANOPORE	MinION	SRP332549	PRJNA753862		753862	SRS14316336	SAMN29985040	simple	318829	Pyricularia oryzae	Rep1-bas4#3							no					KANSAS STATE UNIVERSITY	SRA1463309		public	4997035C32A27B14F1BA40EF4107DC03	007EB2D9733FD7A92E5632913A7ADB03
SRR19903159	2022-06-29 20:01:43	2022-06-29 19:22:18	729154	12783446724	0	17531	10409		https://sra-downloadb.be-md.ncbi.nlm.nih.gov/sos13/sra-pub-run-1330/SRR019/19903/SRR19903159/SRR19903159.1	SRX15945988	ZM2-1b	WGS	RANDOM	GENOMIC	SINGLE	0	0	OXFORD_NANOPORE	MinION	SRP383627	PRJNA849580		849580	SRS13587709	SAMN29254579	simple	318829	Pyricularia oryzae	ZM2-1b							no					KANSAS STATE UNIVERSITY	SRA1446363		public	4A092AFA0023F2AE99AADB64440CAF55	C26A7EEB1C36ED17FC68347BC425F148
SRR19903160	2022-06-29 20:01:43	2022-06-29 19:06:51	1083050	13736002807	0	12682	11190		https://sra-downloadb.be-md.ncbi.nlm.nih.gov/sos9/sra-pub-zq-922/SRR019/19903/SRR19903160/SRR19903160.lite.1	SRX15945989	ZM1-2b	WGS	RANDOM	GENOMIC	SINGLE	0	0	OXFORD_NANOPORE	MinION	SRP383628	PRJNA849498		849498	SRS13600102	SAMN29254577	simple	318829	Pyricularia oryzae	ZM1-2b							no					KANSAS STATE UNIVERSITY	SRA1446354		public	ACC7B7F84D4C0440AA07E3F364B65839	D787D5450B3ED5EEEC35FFE29F90198E
ERR9866174	2022-06-22 20:59:47	2022-06-28 17:11:25	251937	5125150600	0	20342	4162		https://sra-downloadb.be-md.ncbi.nlm.nih.gov/sos8/sra-pub-zq-820/ERR009/9866/ERR9866174/ERR9866174.lite.1	ERX9411171		WGS	unspecified	GENOMIC	SINGLE	0	0	OXFORD_NANOPORE	PromethION	ERP138469	PRJEB53658		851687	ERS12252183	SAMEA110153376	simple	318829	Pyricularia oryzae	SAMEA110153376							no					THE JOHN INNES CENTRE	ERA15768887		public	E825BA156CD4A5C06325920C14097ED2	D7598466A31A654C6AE0A67EE3A33AD7
ERR9866255	2022-06-22 20:59:47	2022-06-28 17:16:25	248647	5792594511	0	23296	4700		https://sra-downloadb.be-md.ncbi.nlm.nih.gov/sos8/sra-pub-zq-820/ERR009/9866/ERR9866255/ERR9866255.lite.1	ERX9411215		WGS	unspecified	GENOMIC	SINGLE	0	0	OXFORD_NANOPORE	PromethION	ERP138469	PRJEB53658		851687	ERS12252184	SAMEA110153377	simple	318829	Pyricularia oryzae	SAMEA110153377							no					THE JOHN INNES CENTRE	ERA15775583		public	F69F31522F8018128E82E9A6DC6994C6	C106C53B5E66AFE91141100BC6F0D683
ERR9871076	2022-06-27 20:48:55	2022-07-02 05:27:37	1416523	5043035686	0	3560	4370		https://sra-downloadb.be-md.ncbi.nlm.nih.gov/sos13/sra-pub-zq-1301/ERR009/9871/ERR9871076/ERR9871076.lite.1	ERX9416045	Oxford Nanopore	WGS	unspecified	GENOMIC	SINGLE	0	0	OXFORD_NANOPORE	PromethION	ERP138521	PRJEB53707		853696	ERS12271837	SAMEA110173037	simple	318829	Pyricularia oryzae	SAMEA110173037							no					THE JOHN INNES CENTRE	ERA15890272		public	A7755436073C1A9D92F4A217FF71C4F5	DA1822572A32F975796AF6D90FD48C36
ERR9871508	2022-06-27 20:48:55	2022-07-02 05:33:41	1672931	6658400322	0	3980	5769		https://sra-downloadb.be-md.ncbi.nlm.nih.gov/sos9/sra-pub-zq-924/ERR009/9871/ERR9871508/ERR9871508.lite.1	ERX9416756	Oxford Nanopore	WGS	unspecified	GENOMIC	SINGLE	0	0	OXFORD_NANOPORE	PromethION	ERP138521	PRJEB53707		853696	ERS12271838	SAMEA110173038	simple	318829	Pyricularia oryzae	SAMEA110173038							no					THE JOHN INNES CENTRE	ERA15903757		public	66B6888B682575CA1ADF127BB1F71F5B	9268E83CE9DF4140800E0D90597B4F93
ERR9871507	2022-06-27 20:48:55	2022-07-02 05:38:35	911813	5739719836	0	6294	4957		https://sra-downloadb.be-md.ncbi.nlm.nih.gov/sos8/sra-pub-run-834/ERR009/9871/ERR9871507/ERR9871507.1	ERX9416755	Oxford Nanopore	WGS	unspecified	GENOMIC	SINGLE	0	0	OXFORD_NANOPORE	PromethION	ERP138521	PRJEB53707		853696	ERS12271839	SAMEA110173039	simple	318829	Pyricularia oryzae	SAMEA110173039							no					THE JOHN INNES CENTRE	ERA15903757		public	157749A66014426B596BEB16EBBDB8D1	2AFB06BB43A28612F5D394984D018F4B
ERR9871515	2022-06-27 20:48:55	2022-07-02 05:34:33	2196679	6847355626	0	3117	5935		https://sra-downloadb.be-md.ncbi.nlm.nih.gov/sos13/sra-pub-zq-1301/ERR009/9871/ERR9871515/ERR9871515.lite.1	ERX9416763	Oxford Nanopore	WGS	unspecified	GENOMIC	SINGLE	0	0	OXFORD_NANOPORE	PromethION	ERP138521	PRJEB53707		853696	ERS12271840	SAMEA110173041	simple	318829	Pyricularia oryzae	SAMEA110173041							no					THE JOHN INNES CENTRE	ERA15903757		public	4EC56E89219C760F3C941A6C9AF5D2FE	71C7481F0204E2DAFBCBFBC38C01121C
ERR9871506	2022-06-27 20:48:55	2022-07-02 05:28:07	3597591	6111893971	0	1698	5313		https://sra-downloadb.be-md.ncbi.nlm.nih.gov/sos13/sra-pub-zq-1301/ERR009/9871/ERR9871506/ERR9871506.lite.1	ERX9416754	Oxford Nanopore	WGS	unspecified	GENOMIC	SINGLE	0	0	OXFORD_NANOPORE	PromethION	ERP138521	PRJEB53707		853696	ERS12271841	SAMEA110173042	simple	318829	Pyricularia oryzae	SAMEA110173042							no					THE JOHN INNES CENTRE	ERA15903757		public	429FF2CDAF33B2D45951EFF16FB98433	1D42F38A9722518BF1CA7480A6F27CEC
ERR9871514	2022-06-27 20:48:55	2022-07-02 05:28:33	2149028	5797258523	0	2697	5032		https://sra-downloadb.be-md.ncbi.nlm.nih.gov/sos13/sra-pub-run-1330/ERR009/9871/ERR9871514/ERR9871514.1	ERX9416762	Oxford Nanopore	WGS	unspecified	GENOMIC	SINGLE	0	0	OXFORD_NANOPORE	PromethION	ERP138521	PRJEB53707		853696	ERS12271842	SAMEA110173043	simple	318829	Pyricularia oryzae	SAMEA110173043							no					THE JOHN INNES CENTRE	ERA15903757		public	4E773C5B904DD4CA4747BFD49E59CFED	B6166C187D630ECC105F8C41FB6B2137
ERR9871511	2022-06-27 20:48:55	2022-07-02 05:31:12	1130584	5776572758	0	5109	4995		https://sra-downloadb.be-md.ncbi.nlm.nih.gov/sos9/sra-pub-zq-924/ERR009/9871/ERR9871511/ERR9871511.lite.1	ERX9416759	Oxford Nanopore	WGS	unspecified	GENOMIC	SINGLE	0	0	OXFORD_NANOPORE	PromethION	ERP138521	PRJEB53707		853696	ERS12271843	SAMEA110173044	simple	318829	Pyricularia oryzae	SAMEA110173044							no					THE JOHN INNES CENTRE	ERA15903757		public	5210DDEAA8172BDD5403F8CAE12D9B36	14BCC0997EA4426DD4A0A27DF1825EB8
ERR9871513	2022-06-27 20:48:55	2022-07-02 05:35:26	1515243	6162272525	0	4066	5339		https://sra-downloadb.be-md.ncbi.nlm.nih.gov/sos8/sra-pub-zq-820/ERR009/9871/ERR9871513/ERR9871513.lite.1	ERX9416761	Oxford Nanopore	WGS	unspecified	GENOMIC	SINGLE	0	0	OXFORD_NANOPORE	PromethION	ERP138521	PRJEB53707		853696	ERS12271844	SAMEA110173045	simple	318829	Pyricularia oryzae	SAMEA110173045							no					THE JOHN INNES CENTRE	ERA15903757		public	3225233732590CA377B393B08F6E5558	B38C32DF6374B735CEE10E5E5FD98B15
ERR9871512	2022-06-27 20:48:55	2022-07-02 05:28:07	1050247	3844594434	0	3660	3332		https://sra-downloadb.be-md.ncbi.nlm.nih.gov/sos1/sra-pub-zq-38/ERR009/9871/ERR9871512/ERR9871512.lite.1	ERX9416760	Oxford Nanopore	WGS	unspecified	GENOMIC	SINGLE	0	0	OXFORD_NANOPORE	PromethION	ERP138521	PRJEB53707		853696	ERS12271845	SAMEA110173046	simple	318829	Pyricularia oryzae	SAMEA110173046							no					THE JOHN INNES CENTRE	ERA15903757		public	3A328FCEF4BDB4A5686DD01B4BD4E561	56CBE7C16513F889B1500FA827E55F4E
ERR9871510	2022-06-27 20:48:55	2022-07-02 05:32:20	1515107	5975203819	0	3943	5177		https://sra-downloadb.be-md.ncbi.nlm.nih.gov/sos1/sra-pub-zq-38/ERR009/9871/ERR9871510/ERR9871510.lite.1	ERX9416758	Oxford Nanopore	WGS	unspecified	GENOMIC	SINGLE	0	0	OXFORD_NANOPORE	PromethION	ERP138521	PRJEB53707		853696	ERS12271846	SAMEA110173047	simple	318829	Pyricularia oryzae	SAMEA110173047							no					THE JOHN INNES CENTRE	ERA15903757		public	322571B204BED676544F0293E39B4CCB	7236AF4104810090D8840F7FCAEB5CC7
ERR9871505	2022-06-27 20:48:55	2022-07-02 05:33:25	1958625	6765330790	0	3454	5862		https://sra-downloadb.be-md.ncbi.nlm.nih.gov/sos1/sra-pub-zq-38/ERR009/9871/ERR9871505/ERR9871505.lite.1	ERX9416753	Oxford Nanopore	WGS	unspecified	GENOMIC	SINGLE	0	0	OXFORD_NANOPORE	PromethION	ERP138521	PRJEB53707		853696	ERS12271847	SAMEA110173048	simple	318829	Pyricularia oryzae	SAMEA110173048							no					THE JOHN INNES CENTRE	ERA15903757		public	D00A1174062A6DECDF6EF841A24E61A4	6A48777AE061AA9D89CE9B6B921DACE3
ERR9871504	2022-06-27 20:48:55	2022-07-02 05:28:52	1577397	5415034040	0	3432	4697		https://sra-downloadb.be-md.ncbi.nlm.nih.gov/sos8/sra-pub-run-834/ERR009/9871/ERR9871504/ERR9871504.1	ERX9416752	Oxford Nanopore	WGS	unspecified	GENOMIC	SINGLE	0	0	OXFORD_NANOPORE	PromethION	ERP138521	PRJEB53707		853696	ERS12271848	SAMEA110173049	simple	318829	Pyricularia oryzae	SAMEA110173049							no					THE JOHN INNES CENTRE	ERA15903757		public	3F03678523F7D14B18B9C67016C96367	D1CA4C08BCF1ED727FE7F8E4D9B22FFC
ERR9871509	2022-06-27 20:48:55	2022-07-02 05:28:48	2074065	6153529165	0	2966	5336		https://sra-downloadb.be-md.ncbi.nlm.nih.gov/sos13/sra-pub-zq-1301/ERR009/9871/ERR9871509/ERR9871509.lite.1	ERX9416757	Oxford Nanopore	WGS	unspecified	GENOMIC	SINGLE	0	0	OXFORD_NANOPORE	PromethION	ERP138521	PRJEB53707		853696	ERS12271849	SAMEA110173050	simple	318829	Pyricularia oryzae	SAMEA110173050							no					THE JOHN INNES CENTRE	ERA15903757		public	D1219624D2E7B1E90757C7FD5E5FD8DC	D07D9C493D00BFD9C7C1DBF215E04ACF
SRR19855325	2022-06-29 00:55:16	2022-06-28 16:25:30	40000	711052231	0	17776	580		https://sra-downloadb.be-md.ncbi.nlm.nih.gov/sos8/sra-pub-run-834/SRR019/19855/SRR19855325/SRR19855325.1	SRX15898885	ZM2-1b_3	WGS	RANDOM	GENOMIC	SINGLE	0	0	OXFORD_NANOPORE	MinION	SRP383627	PRJNA849580		849580	SRS13587709	SAMN29254579	simple	318829	Pyricularia oryzae	ZM2-1b							no					KANSAS STATE UNIVERSITY	SRA1443844		public	79DBF323F6CAD90B0D8EC310C586A32D	219C78EDE062A4638C1458B2DCD4E06D
SRR19855326	2022-06-29 00:55:16	2022-06-28 16:27:15	399012	6677461899	0	16734	5446		https://sra-downloadb.be-md.ncbi.nlm.nih.gov/sos8/sra-pub-run-834/SRR019/19855/SRR19855326/SRR19855326.1	SRX15898884	ZM2-1b_2	WGS	RANDOM	GENOMIC	SINGLE	0	0	OXFORD_NANOPORE	MinION	SRP383627	PRJNA849580		849580	SRS13587709	SAMN29254579	simple	318829	Pyricularia oryzae	ZM2-1b							no					KANSAS STATE UNIVERSITY	SRA1443844		public	2E3D6D9532FC1D29F024D49C7A96C9A0	C6E67303CD2FD81D076919972A982892
SRR19855327	2022-06-29 00:55:16	2022-06-28 16:28:44	400000	6645324756	0	16613	5430		https://sra-downloadb.be-md.ncbi.nlm.nih.gov/sos8/sra-pub-run-834/SRR019/19855/SRR19855327/SRR19855327.1	SRX15898883	ZM2-1b_1	WGS	RANDOM	GENOMIC	SINGLE	0	0	OXFORD_NANOPORE	MinION	SRP383627	PRJNA849580		849580	SRS13587709	SAMN29254579	simple	318829	Pyricularia oryzae	ZM2-1b							no					KANSAS STATE UNIVERSITY	SRA1443844		public	FA477324C9556D2ADD6C5C34C750B917	853AB885C46A990EE2CC41F9C9073A21
SRR19868245	2022-06-28 16:23:31	2022-06-28 15:07:27	41071	475475887	0	11576	387		https://sra-downloadb.be-md.ncbi.nlm.nih.gov/sos8/sra-pub-run-834/SRR019/19868/SRR19868245/SRR19868245.1	SRX15911702	ZM1-2b_4	WGS	RANDOM	GENOMIC	SINGLE	0	0	OXFORD_NANOPORE	MinION	SRP383628	PRJNA849498		849498	SRS13600102	SAMN29254577	simple	318829	Pyricularia oryzae	ZM1-2b							no					KANSAS STATE UNIVERSITY	SRA1444414		public	48C0A9736B877220CAB3DAE4DC9581D8	5DC10D1F6BE57C17E5CD5CFDFBC975FF
SRR19868246	2022-06-29 00:56:39	2022-06-29 00:13:54	397795	4824563877	0	12128	3950		https://sra-downloadb.be-md.ncbi.nlm.nih.gov/sos13/sra-pub-run-1330/SRR019/19868/SRR19868246/SRR19868246.1	SRX15911701	ZM1-2b_3	WGS	RANDOM	GENOMIC	SINGLE	0	0	OXFORD_NANOPORE	MinION	SRP383628	PRJNA849498		849498	SRS13600102	SAMN29254577	simple	318829	Pyricularia oryzae	ZM1-2b							no					KANSAS STATE UNIVERSITY	SRA1444414		public	CB6AFE501B1087AE471664A02DBE91A0	4B734075C60BC66E0079D1C050CDEEC2
SRR19868247	2022-06-28 16:23:31	2022-06-28 15:10:12	400000	4858376755	0	12145	3976		https://sra-downloadb.be-md.ncbi.nlm.nih.gov/sos13/sra-pub-run-1330/SRR019/19868/SRR19868247/SRR19868247.1	SRX15911700	ZM1-2b_2	WGS	RANDOM	GENOMIC	SINGLE	0	0	OXFORD_NANOPORE	MinION	SRP383628	PRJNA849498		849498	SRS13600102	SAMN29254577	simple	318829	Pyricularia oryzae	ZM1-2b							no					KANSAS STATE UNIVERSITY	SRA1444414		public	8FEE2D47404C93502CCD96BBF60EABA7	29CC3D44CF4825478E974FA882099A62
SRR19868248	2022-06-29 00:56:39	2022-06-29 00:14:13	400000	4879009017	0	12197	3992		https://sra-downloadb.be-md.ncbi.nlm.nih.gov/sos8/sra-pub-run-834/SRR019/19868/SRR19868248/SRR19868248.1	SRX15911699	ZM1-2b_1	WGS	RANDOM	GENOMIC	SINGLE	0	0	OXFORD_NANOPORE	MinION	SRP383628	PRJNA849498		849498	SRS13600102	SAMN29254577	simple	318829	Pyricularia oryzae	ZM1-2b							no					KANSAS STATE UNIVERSITY	SRA1444414		public	A5DEF6B151B35E6B62D5D0B7C76E239F	2EA4501F6A995A6623123D2EE2274315
SRR12459118	2020-08-16 19:14:38	2020-08-16 19:07:47	666	14965129	0	22470	12		https://sra-downloadb.be-md.ncbi.nlm.nih.gov/sos9/sra-pub-zq-922/SRR012/12459/SRR12459118/SRR12459118.lite.1	SRX8953452	MoT_B71_2	WGS	RANDOM	GENOMIC	SINGLE	0	0	OXFORD_NANOPORE	MinION	SRP122556	PRJNA355407	3	355407	SRS2642219	SAMN06076154	simple	318829	Pyricularia oryzae	MoT-B71							no					KANSAS STATE UNIVERSITY	SRA1113317		public	92276F44817269072ACAFB7680EFA577	C19B7456365C80758BE25373A4505100
SRR16282277	2021-10-10 05:42:23	2021-10-10 01:10:56	356879	3532815601	0	9899	2346		https://sra-downloadb.be-md.ncbi.nlm.nih.gov/sos13/sra-pub-zq-1301/SRR016/16282/SRR16282277/SRR16282277.lite.1	SRX12561568	FJ81278_PacBio	WGS	RANDOM	GENOMIC	SINGLE	0	0	PACBIO_SMRT	Sequel	SRP340679	PRJNA354811	2	354811	SRS10519103	SAMN06050152	simple	318829	Pyricularia oryzae	FJ81278Pacbio							no					FUJIAN AGRICULTURE AND FORESTRY UNIVERSITY	SRA1308544		public	8A051606437417DB2C6F9DC6C0269C01	2EE290E44B409910BF1A6B8F219FDF49
SRR16282276	2021-10-10 05:42:24	2021-10-10 01:14:22	279060	2645962007	0	9481	1746		https://sra-downloadb.be-md.ncbi.nlm.nih.gov/sos13/sra-pub-zq-1301/SRR016/16282/SRR16282276/SRR16282276.lite.1	SRX12561569	GUY11_PacBio	WGS	RANDOM	GENOMIC	SINGLE	0	0	PACBIO_SMRT	Sequel	SRP340679	PRJNA354811	2	354811	SRS10519101	SAMN06050153	simple	318829	Pyricularia oryzae	GUY11Pacbio							no					FUJIAN AGRICULTURE AND FORESTRY UNIVERSITY	SRA1308544		public	9D86470CCAEE7E238DD6DE6865992CF2	7CF41AC266793D47F3C907E514015D83
SRR16532036	2021-10-22 10:13:30	2021-10-22 10:02:52	755624	7602330369	0	10060	1829		https://sra-downloadb.be-md.ncbi.nlm.nih.gov/sos9/sra-pub-zq-924/SRR016/16532/SRR16532036/SRR16532036.lite.1	SRX12734647	Sar-2-20-1	WGS	RANDOM	GENOMIC	SINGLE	0	0	PACBIO_SMRT	Sequel	SRP342676	PRJNA556096	3	556096	SRS10682907	SAMN12340660	simple	318829	Pyricularia oryzae	Sar-2-20-1							no					FUJIAN AGRICULTURE AND FORESTRY UNIVERSITY	SRA1315322		public	5D6AA9E78AFFFD652CD7FD3FCC67E1BD	99749FB0807270E7F59A13E72E7478BA
SRR16532035	2021-10-22 10:13:30	2021-10-22 10:03:03	1028401	10299872351	0	10015	2478		https://sra-downloadb.be-md.ncbi.nlm.nih.gov/sos13/sra-pub-run-1330/SRR016/16532/SRR16532035/SRR16532035.1	SRX12734648	FJ98099	WGS	RANDOM	GENOMIC	SINGLE	0	0	PACBIO_SMRT	Sequel	SRP342676	PRJNA556096	3	556096	SRS10682908	SAMN12340661	simple	318829	Pyricularia oryzae	FJ98099							no					FUJIAN AGRICULTURE AND FORESTRY UNIVERSITY	SRA1315322		public	C7B3AEF251E2D27B2EDE68084F249A1E	198B0194BCAB479AA3BF1BE16BDD3C4B
SRR16532037	2021-10-22 10:13:30	2021-10-22 10:06:27	1034451	10193959722	0	9854	2453		https://sra-downloadb.be-md.ncbi.nlm.nih.gov/sos13/sra-pub-zq-1301/SRR016/16532/SRR16532037/SRR16532037.lite.1	SRX12734646	AV1-1-1	WGS	RANDOM	GENOMIC	SINGLE	0	0	PACBIO_SMRT	Sequel	SRP342676	PRJNA556096	3	556096	SRS10682906	SAMN12340659	simple	318829	Pyricularia oryzae	AV1-1-1							no					FUJIAN AGRICULTURE AND FORESTRY UNIVERSITY	SRA1315322		public	662BCDA51567722FD9902A3FC3FB4AD5	4FD6A81B491F010E7DD010599D912349
SRR16532038	2021-10-22 10:13:30	2021-10-22 10:00:31	808238	7935126582	0	9817	1909		https://sra-downloadb.be-md.ncbi.nlm.nih.gov/sos8/sra-pub-zq-820/SRR016/16532/SRR16532038/SRR16532038.lite.1	SRX12734645	FJ72ZC7-77	WGS	RANDOM	GENOMIC	SINGLE	0	0	PACBIO_SMRT	Sequel	SRP342676	PRJNA556096	3	556096	SRS10682905	SAMN12340662	simple	318829	Pyricularia oryzae	FJ72ZC7-77							no					FUJIAN AGRICULTURE AND FORESTRY UNIVERSITY	SRA1315322		public	A61B74983192100D432107D32D0C91CD	DA90227BEC9288D60C76E2E251AC0E40
SRR15459274	2022-10-20 11:26:11	2021-08-14 14:19:33	81360	730351670	0	8976	635		https://sra-downloadb.be-md.ncbi.nlm.nih.gov/sos8/sra-pub-run-834/SRR015/15459/SRR15459274/SRR15459274.1	SRX11758598	Rep1-buf1#2	WGS	other	GENOMIC	SINGLE	0	0	OXFORD_NANOPORE	MinION	SRP332549	PRJNA753862		753862	SRS9777791	SAMN20714321	simple	318829	Pyricularia oryzae	Rep1-buf1#2							no					KANSAS STATE UNIVERSITY	SRA1278129		public	4A63C1FFC6BC623E4EC3C7C0FD2994B8	6B9027FE1D172A705B5C02DC43C74D3A
SRR15459273	2022-10-20 11:26:11	2021-08-14 14:30:01	558326	5303682445	0	9499	4612		https://sra-downloadb.be-md.ncbi.nlm.nih.gov/sos13/sra-pub-run-1330/SRR015/15459/SRR15459273/SRR15459273.1	SRX11758599	Rep1-buf1#4	WGS	other	GENOMIC	SINGLE	0	0	OXFORD_NANOPORE	MinION	SRP332549	PRJNA753862		753862	SRS9777792	SAMN20714322	simple	318829	Pyricularia oryzae	Rep1-buf1#4							no					KANSAS STATE UNIVERSITY	SRA1278129		public	5A923CC96CF670B2E209AFF4B2C71A42	7D61D2945CF4BD73DC962D428D69C22E
SRR15459272	2022-10-20 11:26:11	2021-08-14 14:20:38	237771	2794774096	0	11754	2428		https://sra-downloadb.be-md.ncbi.nlm.nih.gov/sos13/sra-pub-run-1330/SRR015/15459/SRR15459272/SRR15459272.1	SRX11758600	Rep1-buf1#5	WGS	other	GENOMIC	SINGLE	0	0	OXFORD_NANOPORE	MinION	SRP332549	PRJNA753862		753862	SRS9777793	SAMN20714323	simple	318829	Pyricularia oryzae	Rep1-buf1#5							no					KANSAS STATE UNIVERSITY	SRA1278129		public	29C91F1D3E77848495649CF986F0B5F7	6F851AF1BDE2D8ABF0EF2676F92397BD
SRR15459271	2022-10-20 11:26:11	2021-08-14 14:19:57	272522	2276910525	0	8354	1982		https://sra-downloadb.be-md.ncbi.nlm.nih.gov/sos13/sra-pub-run-1330/SRR015/15459/SRR15459271/SRR15459271.1	SRX11758601	Rep1-buf1#6	WGS	other	GENOMIC	SINGLE	0	0	OXFORD_NANOPORE	MinION	SRP332549	PRJNA753862		753862	SRS9777794	SAMN20714324	simple	318829	Pyricularia oryzae	Rep1-buf1#6							no					KANSAS STATE UNIVERSITY	SRA1278129		public	7B1E74A33B0EA1173466A69BBFAB63AF	FF801BCE2F096057AEFC1F4F09111E9F
SRR15459270	2022-10-20 11:26:11	2021-08-14 14:17:22	159713	1165323794	0	7296	1004		https://sra-downloadb.be-md.ncbi.nlm.nih.gov/sos13/sra-pub-run-1330/SRR015/15459/SRR15459270/SRR15459270.1	SRX11758602	Rep1-buf1#10	WGS	other	GENOMIC	SINGLE	0	0	OXFORD_NANOPORE	MinION	SRP332549	PRJNA753862		753862	SRS9777795	SAMN20714325	simple	318829	Pyricularia oryzae	Rep1-buf1#10							no					KANSAS STATE UNIVERSITY	SRA1278129		public	9C4DEFA7DC5DC49B6F19540502B9327F	954067C7828A7D56886217BB2FFCA7DF
SRR15459269	2022-10-20 11:26:11	2021-08-14 14:19:05	422731	2642913245	0	6251	2280		https://sra-downloadb.be-md.ncbi.nlm.nih.gov/sos13/sra-pub-run-1330/SRR015/15459/SRR15459269/SRR15459269.1	SRX11758603	Rep4-buf1#1	WGS	other	GENOMIC	SINGLE	0	0	OXFORD_NANOPORE	MinION	SRP332549	PRJNA753862		753862	SRS9777796	SAMN20714326	simple	318829	Pyricularia oryzae	Rep4-buf1#1							no					KANSAS STATE UNIVERSITY	SRA1278129		public	1775563A06882EA3CD526D23E39BE657	D11B9B35B9E136D42F9CD947AB8C8CF1
SRR15459268	2022-10-20 11:26:11	2021-08-14 14:15:57	192656	1458405630	0	7569	1256		https://sra-downloadb.be-md.ncbi.nlm.nih.gov/sos13/sra-pub-run-1330/SRR015/15459/SRR15459268/SRR15459268.1	SRX11758604	Rep4-buf1#5	WGS	other	GENOMIC	SINGLE	0	0	OXFORD_NANOPORE	MinION	SRP332549	PRJNA753862		753862	SRS9777797	SAMN20714327	simple	318829	Pyricularia oryzae	Rep4-buf1#5							no					KANSAS STATE UNIVERSITY	SRA1278129		public	1FE33CD1D59E95DA52C9CA749736FA79	D6A919664904380A914250CDC166E52E
SRR15459267	2022-10-20 11:26:11	2021-08-14 14:14:49	375008	2699210035	0	7197	2326		https://sra-downloadb.be-md.ncbi.nlm.nih.gov/sos8/sra-pub-run-834/SRR015/15459/SRR15459267/SRR15459267.1	SRX11758605	Rep4-buf1#13	WGS	other	GENOMIC	SINGLE	0	0	OXFORD_NANOPORE	MinION	SRP332549	PRJNA753862		753862	SRS9777798	SAMN20714328	simple	318829	Pyricularia oryzae	Rep4-buf1#13							no					KANSAS STATE UNIVERSITY	SRA1278129		public	361E22FEB9A8E099151BB2A966CC9790	8CB2C6C539422A8D5DE8F7E19B5602D0
ERR4704594	2020-10-23 13:06:32	2021-01-02 18:40:00	417915	6602265322	0	15798	5228		https://sra-downloadb.be-md.ncbi.nlm.nih.gov/sos13/sra-pub-zq-1301/ERR004/4704/ERR4704594/ERR4704594.lite.1	ERX4625143	FG1846_01	WGS	unspecified	GENOMIC	SINGLE	0	0	OXFORD_NANOPORE	PromethION	ERP124624	PRJEB40915		674260	ERS5230954	SAMEA7473260	simple	318829	Pyricularia oryzae	SAMEA7473260							no					THE SAINSBURY LABORATORY	ERA3016095		public	F505EFF2224AD76D3A177870F07F05D6	3E73F8306464653E01E6E47C52339EDB
ERR4704595	2020-10-23 13:06:32	2020-12-30 18:25:17	245743	4274944585	0	17395	3380		https://sra-downloadb.be-md.ncbi.nlm.nih.gov/sos13/sra-pub-zq-1301/ERR004/4704/ERR4704595/ERR4704595.lite.1	ERX4625144	FG1846_10	WGS	unspecified	GENOMIC	SINGLE	0	0	OXFORD_NANOPORE	PromethION	ERP124624	PRJEB40915		674260	ERS5230955	SAMEA7473261	simple	318829	Pyricularia oryzae	SAMEA7473261							no					THE SAINSBURY LABORATORY	ERA3016095		public	BAA8955C1035554257949F235393D20E	F0F2A75D2D20A32F0BA11E1CE7CD2D6A
ERR4704596	2020-10-23 13:06:32	2020-12-30 18:23:55	321712	5198913835	0	16160	4114		https://sra-downloadb.be-md.ncbi.nlm.nih.gov/sos13/sra-pub-zq-1301/ERR004/4704/ERR4704596/ERR4704596.lite.1	ERX4625145	FG1846_04	WGS	unspecified	GENOMIC	SINGLE	0	0	OXFORD_NANOPORE	PromethION	ERP124624	PRJEB40915		674260	ERS5230956	SAMEA7473262	simple	318829	Pyricularia oryzae	SAMEA7473262							no					THE SAINSBURY LABORATORY	ERA3016095		public	FE9E50A4124A3FECB6FEA11398BE5962	E02D8F397379D7CF8AEB7737921E6337
ERR4704597	2020-10-23 13:06:32	2020-11-07 10:25:55	333607	5596752616	0	16776	4429		https://sra-downloadb.be-md.ncbi.nlm.nih.gov/sos13/sra-pub-zq-1301/ERR004/4704/ERR4704597/ERR4704597.lite.1	ERX4625146	FG1846_05	WGS	unspecified	GENOMIC	SINGLE	0	0	OXFORD_NANOPORE	PromethION	ERP124624	PRJEB40915		674260	ERS5230957	SAMEA7473263	simple	318829	Pyricularia oryzae	SAMEA7473263							no					THE SAINSBURY LABORATORY	ERA3016095		public	48E2462DDA5373FB71DE66604182A371	F9801B0EBC745361AC151A4BC9DECD91
ERR4704598	2020-10-23 13:06:32	2021-01-02 19:14:51	469223	7522559494	0	16031	5955		https://sra-downloadb.be-md.ncbi.nlm.nih.gov/sos13/sra-pub-zq-1301/ERR004/4704/ERR4704598/ERR4704598.lite.1	ERX4625147	FG1846_08	WGS	unspecified	GENOMIC	SINGLE	0	0	OXFORD_NANOPORE	PromethION	ERP124624	PRJEB40915		674260	ERS5230958	SAMEA7473264	simple	318829	Pyricularia oryzae	SAMEA7473264							no					THE SAINSBURY LABORATORY	ERA3016095		public	A6CD8141800BA5153FC02358DB68DADD	8996BAE64CAAA505070EE2EE6FEF77AE
ERR4704599	2020-10-23 13:06:32	2020-11-07 10:27:35	284714	5438809955	0	19102	4306		https://sra-downloadb.be-md.ncbi.nlm.nih.gov/sos13/sra-pub-zq-1301/ERR004/4704/ERR4704599/ERR4704599.lite.1	ERX4625148	FG1846_07	WGS	unspecified	GENOMIC	SINGLE	0	0	OXFORD_NANOPORE	PromethION	ERP124624	PRJEB40915		674260	ERS5230959	SAMEA7473265	simple	318829	Pyricularia oryzae	SAMEA7473265							no					THE SAINSBURY LABORATORY	ERA3016095		public	2C656AAC570A8F947159D801E2AB62BD	B7412A0622CC18DD97763FDD6754DCFF
ERR4704600	2020-10-23 13:06:32	2020-11-09 10:16:33	314014	4665205128	0	14856	3695		https://sra-downloadb.be-md.ncbi.nlm.nih.gov/sos13/sra-pub-zq-1301/ERR004/4704/ERR4704600/ERR4704600.lite.1	ERX4625149	FG1846_03	WGS	unspecified	GENOMIC	SINGLE	0	0	OXFORD_NANOPORE	PromethION	ERP124624	PRJEB40915		674260	ERS5230960	SAMEA7473266	simple	318829	Pyricularia oryzae	SAMEA7473266							no					THE SAINSBURY LABORATORY	ERA3016095		public	7282237BBD575EAF132FBE80A39860A0	1D13FA0896063D452F6A4DB2872898E3
ERR4704592	2020-10-23 13:06:32	2020-12-30 18:24:28	305055	5380710558	0	17638	4262		https://sra-downloadb.be-md.ncbi.nlm.nih.gov/sos13/sra-pub-zq-1301/ERR004/4704/ERR4704592/ERR4704592.lite.1	ERX4625141	FG1846_09	WGS	unspecified	GENOMIC	SINGLE	0	0	OXFORD_NANOPORE	PromethION	ERP124624	PRJEB40915		674260	ERS5230952	SAMEA7473258	simple	318829	Pyricularia oryzae	SAMEA7473258							no					THE SAINSBURY LABORATORY	ERA3016095		public	2E9AC924C49F1225D2474FFA1ED9A943	6DC2A7CED0A88DDC64805A5CE55F1E83
ERR4704593	2020-10-23 13:06:32	2020-12-22 06:53:48	360460	5562058373	0	15430	4400		https://sra-downloadb.be-md.ncbi.nlm.nih.gov/sos13/sra-pub-zq-1301/ERR004/4704/ERR4704593/ERR4704593.lite.1	ERX4625142	FG1846_02	WGS	unspecified	GENOMIC	SINGLE	0	0	OXFORD_NANOPORE	PromethION	ERP124624	PRJEB40915		674260	ERS5230953	SAMEA7473259	simple	318829	Pyricularia oryzae	SAMEA7473259							no					THE SAINSBURY LABORATORY	ERA3016095		public	A6889826F218696465F962E9BC227E47	1E2B44A3E2C4B878A4A6DD1B0AA9E7C2
SRR12459119	2020-08-16 19:45:17	2020-08-16 19:36:59	584138	12602411102	0	21574	10257		https://sra-downloadb.be-md.ncbi.nlm.nih.gov/sos9/sra-pub-zq-924/SRR012/12459/SRR12459119/SRR12459119.lite.1	SRX8953451	MoT_B71_1	WGS	RANDOM	GENOMIC	SINGLE	0	0	OXFORD_NANOPORE	MinION	SRP122556	PRJNA355407	3	355407	SRS2642219	SAMN06076154	simple	318829	Pyricularia oryzae	MoT-B71							no					KANSAS STATE UNIVERSITY	SRA1113317		public	BB55E96799B67EC3C8E50F7158020A11	5AC2FFF52560494C0433A54B134D7683
SRR10343492	2019-10-30 00:46:31	2019-10-24 22:52:47	1040000	1983600210	0	1907	1613		https://sra-downloadb.be-md.ncbi.nlm.nih.gov/sos12/sra-pub-zq-1211/SRR010/343/SRR10343492/SRR10343492.lite.1	SRX7053359	2G4SS15-11	WGS	RANDOM	GENOMIC	SINGLE	0	0	OXFORD_NANOPORE	MinION	SRP226905	PRJNA579424		579424	SRS5570187	SAMN13111519	simple	318829	Pyricularia oryzae	2G4SS15-11							no					UNIVERSITY OF KENTUCKY	SRA984890		public	2F1CB7D320D67E6B1517B89BB5A115E2	ABBE62260336B13EEF4A3F2B066BCAC9
SRR10343494	2019-10-30 00:46:31	2019-10-24 23:00:57	5643173	7659469387	0	1357	6268		https://sra-downloadb.be-md.ncbi.nlm.nih.gov/sos12/sra-pub-zq-1216/SRR010/10343/SRR10343494/SRR10343494.lite.1	SRX7053357	2G4SS4-20	WGS	RANDOM	GENOMIC	SINGLE	0	0	OXFORD_NANOPORE	MinION	SRP226905	PRJNA579424		579424	SRS5570185	SAMN13111517	simple	318829	Pyricularia oryzae	2G4SS4-20							no					UNIVERSITY OF KENTUCKY	SRA984890		public	2AA7057CFF8447AA05EE6E6E675DA40B	C3364280C836C2BDAD469A7913011877
SRR10343493	2019-10-30 00:46:31	2019-10-24 22:51:02	424941	710139382	0	1671	567		https://sra-downloadb.be-md.ncbi.nlm.nih.gov/sos12/sra-pub-zq-1216/SRR010/10343/SRR10343493/SRR10343493.lite.1	SRX7053358	2G4SS6-1	WGS	RANDOM	GENOMIC	SINGLE	0	0	OXFORD_NANOPORE	MinION	SRP226905	PRJNA579424		579424	SRS5570186	SAMN13111518	simple	318829	Pyricularia oryzae	2G4SS6-1							no					UNIVERSITY OF KENTUCKY	SRA984890		public	E79FA7C5C8A20998C89834D60812A2F1	C5FED3270F1B6293BC3638087BCE37A9
SRR9847840	2020-06-12 00:02:12	2019-07-26 19:57:42	8903635	23329067522	0	2620	5649		https://sra-downloadb.be-md.ncbi.nlm.nih.gov/sos12/sra-pub-zq-1216/SRR009/9847/SRR9847840/SRR9847840.lite.1	SRX6602451	SMRTcell_1	WGS	other	GENOMIC	SINGLE	0	0	PACBIO_SMRT	Sequel	SRP216547	PRJNA556909		556909	SRS5167504	SAMN12384714	simple	318829	Pyricularia oryzae	Poryzae_eccDNA_pureculture_1							no					UNIVERSITY OF CALIFORNIA, BERKELEY	SRA927839		public	84160D534F568529D4729792FB84A690	E67C2FEE31501365F22DC1385AA6B587
SRR9847839	2020-06-12 00:02:12	2019-07-26 20:04:39	9254890	25008001988	0	2702	6055		https://sra-downloadb.be-md.ncbi.nlm.nih.gov/sos12/sra-pub-zq-1216/SRR009/9847/SRR9847839/SRR9847839.lite.1	SRX6602452	SMRTcell_2	WGS	other	GENOMIC	SINGLE	0	0	PACBIO_SMRT	Sequel	SRP216547	PRJNA556909		556909	SRS5167505	SAMN12384715	simple	318829	Pyricularia oryzae	Poryzae_eccDNA_pureculture_2							no					UNIVERSITY OF CALIFORNIA, BERKELEY	SRA927839		public	F63CD274C6118B65142FBA702B11EEB0	3BF88A96F47C36A8CE02E13F2A8AF15C
SRR9847841	2020-06-12 00:02:12	2019-07-26 19:47:00	8548212	23170453445	0	2710	5610		https://sra-downloadb.be-md.ncbi.nlm.nih.gov/sos9/sra-pub-zq-924/SRR009/9847/SRR9847841/SRR9847841.lite.1	SRX6602450	SMRTcell_3	WGS	other	GENOMIC	SINGLE	0	0	PACBIO_SMRT	Sequel	SRP216547	PRJNA556909		556909	SRS5167503	SAMN12384716	simple	318829	Pyricularia oryzae	Poryzae_eccDNA_pureculture_3							no					UNIVERSITY OF CALIFORNIA, BERKELEY	SRA927839		public	424A3A189791277AD8343C7C4C673273	04DBB0DED1A2F1F83EF4D8E057E56777
SRR9972918	2021-12-31 02:53:39	2019-08-15 13:00:32	940548	8409064083	0	8940	2024		https://sra-downloadb.be-md.ncbi.nlm.nih.gov/sos13/sra-pub-zq-1301/SRR009/9972/SRR9972918/SRR9972918.lite.1	SRX6720238	Pyricularia oryzae_E34_PacBio	WGS	RANDOM	GENOMIC	SINGLE	0	0	PACBIO_SMRT	Sequel	SRP125258	PRJNA418767		418767	SRS5272658	SAMN12142210	simple	318829	Pyricularia oryzae	Pyricularia oryzae							no					UNIVERSITY OF BEDFORDSHIRE	SRA941307		public	7781BC0E7F96017B7AE7A4EAFE284D0D	18B7E6E02A69DECE3AAAF53F49C5EC31
ERR2612754	2018-07-04 00:46:17	2018-07-11 13:24:14	158055	1285254303	0	8131	1005		https://sra-downloadb.be-md.ncbi.nlm.nih.gov/sos12/sra-pub-zq-1216/ERR002/2612/ERR2612754/ERR2612754.lite.1	ERX2629409	FG1801_04	WGS	unspecified	GENOMIC	SINGLE	0	0	OXFORD_NANOPORE	MinION	ERP109180	PRJEB27137		474889	ERS2528422	SAMEA4708263	simple	318829	Pyricularia oryzae	SAMEA4708263							no					THE SAINSBURY LABORATORY	ERA1509890		public	CC00A93D84EE9E50376D9CFF1A295168	7C96870B495DF151F19BCD54051A6F22
ERR2612755	2018-07-04 00:46:17	2018-07-11 13:25:36	284212	1878826284	0	6610	1471		https://sra-downloadb.be-md.ncbi.nlm.nih.gov/sos12/sra-pub-zq-1216/ERR002/2612/ERR2612755/ERR2612755.lite.1	ERX2629410	FG1801_06	WGS	unspecified	GENOMIC	SINGLE	0	0	OXFORD_NANOPORE	MinION	ERP109180	PRJEB27137		474889	ERS2528423	SAMEA4708264	simple	318829	Pyricularia oryzae	SAMEA4708264							no					THE SAINSBURY LABORATORY	ERA1509890		public	D74DF73DF64D74693FCF6B172575D861	719762D3DC3648E4674C8CE4D5D5C7E7
ERR2612748	2018-07-04 00:46:17	2018-07-11 13:02:24	464107	3125496014	0	6734	2443		https://sra-downloadb.be-md.ncbi.nlm.nih.gov/sos12/sra-pub-zq-1214/ERR002/2612/ERR2612748/ERR2612748.lite.1	ERX2629403	FG1801_07	WGS	unspecified	GENOMIC	SINGLE	0	0	OXFORD_NANOPORE	MinION	ERP109180	PRJEB27137		474889	ERS2528416	SAMEA4708257	simple	318829	Pyricularia oryzae	SAMEA4708257							no					THE SAINSBURY LABORATORY	ERA1509890		public	F35B7DDFB1EE63F1CAFB7C60AA0DFD70	43179C9F9A789AAE86E7D6FB4738FADC
ERR2612749	2018-07-04 00:46:17	2018-07-11 13:10:06	1237702	8101724776	0	6545	6237		https://sra-downloadb.be-md.ncbi.nlm.nih.gov/sos12/sra-pub-zq-1214/ERR002/2612/ERR2612749/ERR2612749.lite.1	ERX2629404	FG1801_05	WGS	unspecified	GENOMIC	SINGLE	0	0	OXFORD_NANOPORE	MinION	ERP109180	PRJEB27137		474889	ERS2528417	SAMEA4708258	simple	318829	Pyricularia oryzae	SAMEA4708258							no					THE SAINSBURY LABORATORY	ERA1509890		public	29030A69F3860CF3D70669A5C526939F	5C5FCC8193F143E2F8E74579971DC6F1
ERR2612750	2018-07-04 00:46:17	2018-07-11 13:15:15	661505	4967475453	0	7509	3822		https://sra-downloadb.be-md.ncbi.nlm.nih.gov/sos12/sra-pub-zq-1214/ERR002/2612/ERR2612750/ERR2612750.lite.1	ERX2629405	FG1801_03	WGS	unspecified	GENOMIC	SINGLE	0	0	OXFORD_NANOPORE	MinION	ERP109180	PRJEB27137		474889	ERS2528418	SAMEA4708259	simple	318829	Pyricularia oryzae	SAMEA4708259							no					THE SAINSBURY LABORATORY	ERA1509890		public	243619F358F4BBBD38F156DB7B1E5225	77DD8F4C8DAB3435CA87263DF0D5F5E2
ERR2612751	2018-07-04 00:46:17	2018-07-11 13:19:46	655377	5461756103	0	8333	4180		https://sra-downloadb.be-md.ncbi.nlm.nih.gov/sos12/sra-pub-zq-1214/ERR002/2612/ERR2612751/ERR2612751.lite.1	ERX2629406	FG1801_02	WGS	unspecified	GENOMIC	SINGLE	0	0	OXFORD_NANOPORE	MinION	ERP109180	PRJEB27137		474889	ERS2528419	SAMEA4708260	simple	318829	Pyricularia oryzae	SAMEA4708260							no					THE SAINSBURY LABORATORY	ERA1509890		public	93C5ABE1CFC69F0A4C99549066F3ECC6	8BCB666BEE2452EE0439FACF9BA6821C
ERR2612752	2018-07-04 00:46:17	2018-07-11 13:22:19	566528	3510068063	0	6195	2746		https://sra-downloadb.be-md.ncbi.nlm.nih.gov/sos12/sra-pub-zq-1214/ERR002/2612/ERR2612752/ERR2612752.lite.1	ERX2629407	FG1801_08	WGS	unspecified	GENOMIC	SINGLE	0	0	OXFORD_NANOPORE	MinION	ERP109180	PRJEB27137		474889	ERS2528420	SAMEA4708261	simple	318829	Pyricularia oryzae	SAMEA4708261							no					THE SAINSBURY LABORATORY	ERA1509890		public	2E071719C193AFA128D4B59886B66EB8	7181C2D95AA008DC76C9BABA5D25792C
ERR2612753	2018-07-04 00:46:17	2018-07-11 13:24:10	181812	1400151940	0	7701	1078		https://sra-downloadb.be-md.ncbi.nlm.nih.gov/sos12/sra-pub-zq-1214/ERR002/2612/ERR2612753/ERR2612753.lite.1	ERX2629408	FG1801_01	WGS	unspecified	GENOMIC	SINGLE	0	0	OXFORD_NANOPORE	MinION	ERP109180	PRJEB27137		474889	ERS2528421	SAMEA4708262	simple	318829	Pyricularia oryzae	SAMEA4708262							no					THE SAINSBURY LABORATORY	ERA1509890		public	9F32AC3E8BA08EA76F9CC9F1A4906A5D	5636D2CABF629C7A667E95F8D2ADBD4D
SRR6307184	2021-12-31 02:53:33	2017-11-19 10:18:25	344413	3310956545	0	9613	797		https://sra-downloadb.be-md.ncbi.nlm.nih.gov/sos13/sra-pub-zq-1301/SRR006/6307/SRR6307184/SRR6307184.lite.1	SRX3407572	K23/123_PacBio_Sequel	WGS	RANDOM	GENOMIC	SINGLE	0	0	PACBIO_SMRT	PacBio RS II	SRP125258	PRJNA418767		418767	SRS2700662	SAMN08033374	simple	318829	Pyricularia oryzae	K23/123							no					UNIVERSITY OF BEDFORDSHIRE	SRA631816		public	90E4A99DA208468FBB27BDE1E209733F	5BB8457042C3B3430C5D3FA3B3080766
SRR6232283	2018-11-01 00:10:01	2017-10-28 14:49:30	163482	4450537504	0	27223	14950		https://sra-downloadb.be-md.ncbi.nlm.nih.gov/sos12/sra-pub-zq-1211/SRR006/232/SRR6232283/SRR6232283.lite.1	SRX3340719	MoT_B71_4c	WGS	RANDOM	GENOMIC	SINGLE	0	0	PACBIO_SMRT	PacBio RS II	SRP122556	PRJNA355407	3	355407	SRS2642219	SAMN06076154	simple	318829	Pyricularia oryzae	MoT-B71							no					KANSAS STATE UNIVERSITY	SRA625812		public	818B2CA0CF63592BFE053706E871FE45	D82CB3D67AC207A683E0391A61D3A8EE
SRR6232284	2018-11-01 00:10:01	2017-10-28 14:19:39	163482	3859573723	0	23608	12983		https://sra-downloadb.be-md.ncbi.nlm.nih.gov/sos12/sra-pub-zq-1211/SRR006/232/SRR6232284/SRR6232284.lite.1	SRX3340718	MoT_B71_4d	WGS	RANDOM	GENOMIC	SINGLE	0	0	PACBIO_SMRT	PacBio RS II	SRP122556	PRJNA355407	3	355407	SRS2642219	SAMN06076154	simple	318829	Pyricularia oryzae	MoT-B71							no					KANSAS STATE UNIVERSITY	SRA625812		public	A7253C9EC1A872CA5919B87A5502CE38	7C8C5F805F68C952D92A4C12D5F14DF4
SRR6232285	2018-11-01 00:10:01	2017-10-28 14:37:03	163482	4116864794	0	25182	14121		https://sra-downloadb.be-md.ncbi.nlm.nih.gov/sos12/sra-pub-zq-1211/SRR006/232/SRR6232285/SRR6232285.lite.1	SRX3340717	MoT_B71_2b	WGS	RANDOM	GENOMIC	SINGLE	0	0	PACBIO_SMRT	PacBio RS II	SRP122556	PRJNA355407	3	355407	SRS2642219	SAMN06076154	simple	318829	Pyricularia oryzae	MoT-B71							no					KANSAS STATE UNIVERSITY	SRA625812		public	AA37B8460CEAD841E9B4C0D33206EC5C	D12FF7AA1D3E78AE2688E8EFDB0476FA
SRR6232286	2018-11-01 00:10:01	2017-10-28 14:37:35	163482	4292080329	0	26254	14718		https://sra-downloadb.be-md.ncbi.nlm.nih.gov/sos12/sra-pub-zq-1211/SRR006/232/SRR6232286/SRR6232286.lite.1	SRX3340716	MoT_B71_2c	WGS	RANDOM	GENOMIC	SINGLE	0	0	PACBIO_SMRT	PacBio RS II	SRP122556	PRJNA355407	3	355407	SRS2642219	SAMN06076154	simple	318829	Pyricularia oryzae	MoT-B71							no					KANSAS STATE UNIVERSITY	SRA625812		public	551D2C003468E2AA5A2465442FFB3A0C	1FDC097CDD18441BAE80EC8A0E19D7DA
SRR6232287	2018-11-01 00:10:01	2017-10-28 12:17:40	163482	3594421125	0	21986	11904		https://sra-downloadb.be-md.ncbi.nlm.nih.gov/sos12/sra-pub-zq-1211/SRR006/232/SRR6232287/SRR6232287.lite.1	SRX3340715	MoT_B71_1	WGS	RANDOM	GENOMIC	SINGLE	0	0	PACBIO_SMRT	PacBio RS II	SRP122556	PRJNA355407	3	355407	SRS2642219	SAMN06076154	simple	318829	Pyricularia oryzae	MoT-B71							no					KANSAS STATE UNIVERSITY	SRA625812		public	C344C2CBC411C8F9C1453D8206614E77	7BAEEEDD6B7670ACE08D6511401F14DB
SRR6232288	2018-11-01 00:10:01	2017-10-28 14:27:49	163482	3841695108	0	23499	13164		https://sra-downloadb.be-md.ncbi.nlm.nih.gov/sos12/sra-pub-zq-1211/SRR006/232/SRR6232288/SRR6232288.lite.1	SRX3340714	MoT_B71_2a	WGS	RANDOM	GENOMIC	SINGLE	0	0	PACBIO_SMRT	PacBio RS II	SRP122556	PRJNA355407	3	355407	SRS2642219	SAMN06076154	simple	318829	Pyricularia oryzae	MoT-B71							no					KANSAS STATE UNIVERSITY	SRA625812		public	C183013153D619253367AE809EE0E153	90F29322A5554E566E94341F7696207F
SRR6232289	2018-11-01 00:10:01	2017-10-28 14:31:02	163482	4317591642	0	26410	14330		https://sra-downloadb.be-md.ncbi.nlm.nih.gov/sos12/sra-pub-zq-1211/SRR006/232/SRR6232289/SRR6232289.lite.1	SRX3340713	MoT_B71_4a	WGS	RANDOM	GENOMIC	SINGLE	0	0	PACBIO_SMRT	PacBio RS II	SRP122556	PRJNA355407	3	355407	SRS2642219	SAMN06076154	simple	318829	Pyricularia oryzae	MoT-B71							no					KANSAS STATE UNIVERSITY	SRA625812		public	8B5E055DA8F332993B46C57C3E3A434F	E2976A6701E7E7424EEBC890635CCF12
SRR6232290	2018-11-01 00:10:01	2017-10-28 14:45:34	163482	4335665554	0	26520	14592		https://sra-downloadb.be-md.ncbi.nlm.nih.gov/sos12/sra-pub-zq-1211/SRR006/232/SRR6232290/SRR6232290.lite.1	SRX3340712	MoT_B71_4b	WGS	RANDOM	GENOMIC	SINGLE	0	0	PACBIO_SMRT	PacBio RS II	SRP122556	PRJNA355407	3	355407	SRS2642219	SAMN06076154	simple	318829	Pyricularia oryzae	MoT-B71							no					KANSAS STATE UNIVERSITY	SRA625812		public	0044DD1D8FE53A82406AB860A8AA8B62	835A103ABFF287EF82D5B9401437FE76
SRR6232291	2018-11-01 00:10:01	2017-10-28 12:17:56	163482	4351775598	0	26619	14994		https://sra-downloadb.be-md.ncbi.nlm.nih.gov/sos12/sra-pub-zq-1211/SRR006/232/SRR6232291/SRR6232291.lite.1	SRX3340711	MoT_B71_2d	WGS	RANDOM	GENOMIC	SINGLE	0	0	PACBIO_SMRT	PacBio RS II	SRP122556	PRJNA355407	3	355407	SRS2642219	SAMN06076154	simple	318829	Pyricularia oryzae	MoT-B71							no					KANSAS STATE UNIVERSITY	SRA625812		public	B13C1E6B3B2CF6C467C71BF92CB9B932	3788BA7BFE52B7C19DB84F51F498BDDF
SRR6232292	2018-11-01 00:10:01	2017-10-28 14:32:57	163482	3917400655	0	23962	13128		https://sra-downloadb.be-md.ncbi.nlm.nih.gov/sos12/sra-pub-zq-1211/SRR006/232/SRR6232292/SRR6232292.lite.1	SRX3340710	MoT_B71_3	WGS	RANDOM	GENOMIC	SINGLE	0	0	PACBIO_SMRT	PacBio RS II	SRP122556	PRJNA355407	3	355407	SRS2642219	SAMN06076154	simple	318829	Pyricularia oryzae	MoT-B71							no					KANSAS STATE UNIVERSITY	SRA625812		public	1C70851C3792A0D66EBCA8C5B86A676D	E4C6C5F614CF08E02975F13B69A9DB3A
